ref_date,year,geo_level,geo_code,geo_name,parent_geo_code,parent_geo_name,tax_revenue_100m_cny,non_tax_revenue_100m_cny,total_revenue_100m_cny,expenditure_100m_cny,deficit_100m_cny,debt_balance_100m_cny,debt_to_gdp_pct,fiscal_balance_pct_gdp,transfer_payment_100m_cny,social_security_100m_cny,source_org,release_date,data_status
2016-01-01,2016,national,CN,中国,,,175982.58,40017.42,216000,278000,62000.0,680000,91.382,-8.332,50958.11,71991.11,财政部,2016-04-20,final
2016-01-01,2016,region,CN-R-NC,华北,CN,中国,22361.23,4252.12,26613.35,37208.95,10595.6,81893.54,90.554,-11.716,7441.72,10542.47,财政部,2016-04-20,final
2016-01-01,2016,region,CN-R-NE,东北,CN,中国,8263.83,1911.03,10174.86,14439.79,4264.93,30059.52,88.325,-12.532,2899.08,3675.62,财政部,2016-04-20,final
2016-01-01,2016,region,CN-R-EC,华东,CN,中国,67839.44,18126.89,85966.33,108330.61,22364.28,264280.84,88.139,-7.459,20177.22,27950.91,财政部,2016-04-20,final
2016-01-01,2016,region,CN-R-CC,华中,CN,中国,24768.16,4266.5,29034.66,37274.21,8239.55,92227.59,96.875,-8.655,6038.58,8966.74,财政部,2016-04-20,final
2016-01-01,2016,region,CN-R-SC,华南,CN,中国,21768.56,5794.5,27563.06,33975.36,6412.3,93895.08,98.769,-6.745,6744.18,8419.82,财政部,2016-04-20,final
2016-01-01,2016,region,CN-R-SW,西南,CN,中国,20461.5,3784.73,24246.23,30115.16,5868.93,81303.44,93.3,-6.735,4950.95,9137.27,财政部,2016-04-20,final
2016-01-01,2016,region,CN-R-NW,西北,CN,中国,10519.86,1881.66,12401.52,16655.91,4254.39,36339.99,85.702,-10.033,2706.39,3298.29,财政部,2016-04-20,final
2016-01-01,2016,province,CN-BJ,北京,CN-R-NC,华北,6802.44,1125.7,7928.14,11625.97,3697.83,25724.02,96.74,-13.906,2358.58,3158.4,财政部,2016-04-20,final
2016-01-01,2016,province,CN-TJ,天津,CN-R-NC,华北,2442.35,639.64,3081.99,4447.74,1365.75,9480.34,86.831,-12.509,585.0,1502.65,财政部,2016-04-20,final
2016-01-01,2016,province,CN-HE,河北,CN-R-NC,华北,6586.86,1294.88,7881.74,10466.74,2585.0,22390.63,81.897,-9.455,2360.39,3026.34,财政部,2016-04-20,final
2016-01-01,2016,province,CN-SX,山西,CN-R-NC,华北,3996.29,655.42,4651.71,6576.24,1924.53,15047.42,99.713,-12.753,1256.17,1705.39,财政部,2016-04-20,final
2016-01-01,2016,province,CN-NM,内蒙古,CN-R-NC,华北,2533.3,536.46,3069.76,4092.26,1022.5,9251.14,88.136,-9.741,881.59,1149.69,财政部,2016-04-20,final
2016-01-01,2016,province,CN-LN,辽宁,CN-R-NE,东北,4223.57,962.76,5186.33,7171.75,1985.42,15703.17,90.129,-11.395,1449.87,1556.34,财政部,2016-04-20,final
2016-01-01,2016,province,CN-JL,吉林,CN-R-NE,东北,1628.4,341.32,1969.72,2732.82,763.1,5465.66,78.868,-11.011,434.53,745.35,财政部,2016-04-20,final
2016-01-01,2016,province,CN-HL,黑龙江,CN-R-NE,东北,2411.86,606.95,3018.81,4535.22,1516.41,8890.69,91.847,-15.666,1014.67,1373.92,财政部,2016-04-20,final
2016-01-01,2016,province,CN-SH,上海,CN-R-EC,华东,6237.63,1540.9,7778.53,9566.17,1787.64,24698.64,88.91,-6.435,1418.14,2484.98,财政部,2016-04-20,final
2016-01-01,2016,province,CN-JS,江苏,CN-R-EC,华东,16152.84,6111.72,22264.56,29882.14,7617.58,65871.42,88.266,-10.207,6465.1,7842.86,财政部,2016-04-20,final
2016-01-01,2016,province,CN-ZJ,浙江,CN-R-EC,华东,11840.13,2675.52,14515.65,17970.42,3454.77,43777.31,87.521,-6.907,2755.68,4875.07,财政部,2016-04-20,final
2016-01-01,2016,province,CN-AH,安徽,CN-R-EC,华东,6713.03,1576.57,8289.6,9680.81,1391.21,23992.17,83.444,-4.839,2096.56,2669.91,财政部,2016-04-20,final
2016-01-01,2016,province,CN-FJ,福建,CN-R-EC,华东,6743.17,1680.91,8424.08,10903.9,2479.82,24370.65,81.562,-8.299,1780.4,2861.04,财政部,2016-04-20,final
2016-01-01,2016,province,CN-JX,江西,CN-R-EC,华东,4424.25,1096.45,5520.7,6494.78,974.08,16417.14,88.441,-5.247,1462.87,1191.01,财政部,2016-04-20,final
2016-01-01,2016,province,CN-SD,山东,CN-R-EC,华东,15728.4,3444.81,19173.21,23832.4,4659.19,65153.52,92.78,-6.635,4198.48,6026.05,财政部,2016-04-20,final
2016-01-01,2016,province,CN-HA,河南,CN-R-CC,华中,8631.31,1990.84,10622.15,13078.82,2456.67,33952.24,96.179,-6.959,2402.5,3601.0,财政部,2016-04-20,final
2016-01-01,2016,province,CN-HB,湖北,CN-R-CC,华中,8519.75,1253.41,9773.16,13071.99,3298.83,29557.04,94.996,-10.602,1776.06,2995.28,财政部,2016-04-20,final
2016-01-01,2016,province,CN-HN,湖南,CN-R-CC,华中,7617.1,1022.25,8639.35,11123.4,2484.05,28718.31,99.761,-8.629,1860.02,2370.46,财政部,2016-04-20,final
2016-01-01,2016,province,CN-GD,广东,CN-R-SC,华南,17191.45,4852.16,22043.61,26965.57,4921.96,76487.61,100.853,-6.49,5049.95,6890.55,财政部,2016-04-20,final
2016-01-01,2016,province,CN-GX,广西,CN-R-SC,华南,3581.39,711.2,4292.59,5317.76,1025.17,13132.24,89.372,-6.977,1307.17,1114.04,财政部,2016-04-20,final
2016-01-01,2016,province,CN-HI,海南,CN-R-SC,华南,995.72,231.14,1226.86,1692.03,465.17,4275.23,94.368,-10.268,387.07,415.24,财政部,2016-04-20,final
2016-01-01,2016,province,CN-CQ,重庆,CN-R-SW,西南,4224.71,503.07,4727.78,6276.49,1548.71,17245.91,97.668,-8.771,946.96,2094.59,财政部,2016-04-20,final
2016-01-01,2016,province,CN-SC,四川,CN-R-SW,西南,8691.19,1914.6,10605.79,12800.26,2194.47,34099.22,92.118,-5.928,2044.65,3247.69,财政部,2016-04-20,final
2016-01-01,2016,province,CN-GZ,贵州,CN-R-SW,西南,3544.19,471.66,4015.85,5071.06,1055.21,12384.38,85.452,-7.281,914.35,1703.51,财政部,2016-04-20,final
2016-01-01,2016,province,CN-YN,云南,CN-R-SW,西南,3579.83,820.97,4400.8,5352.45,951.65,15757.74,96.97,-5.856,970.61,1865.7,财政部,2016-04-20,final
2016-01-01,2016,province,CN-XZ,西藏,CN-R-SW,西南,421.58,74.44,496.02,614.9,118.88,1816.19,105.316,-6.894,74.37,225.77,财政部,2016-04-20,final
2016-01-01,2016,province,CN-SN,陕西,CN-R-NW,西北,4962.27,880.25,5842.52,8043.83,2201.31,17502.92,85.126,-10.706,1344.33,1410.45,财政部,2016-04-20,final
2016-01-01,2016,province,CN-GS,甘肃,CN-R-NW,西北,1487.25,254.4,1741.65,2179.14,437.49,4844.92,81.288,-7.34,354.12,362.74,财政部,2016-04-20,final
2016-01-01,2016,province,CN-QH,青海,CN-R-NW,西北,647.02,163.95,810.97,1145.28,334.31,2538.94,92.612,-12.195,139.94,249.54,财政部,2016-04-20,final
2016-01-01,2016,province,CN-NX,宁夏,CN-R-NW,西北,901.93,209.06,1110.99,1585.1,474.11,3503.99,87.775,-11.876,235.24,274.85,财政部,2016-04-20,final
2016-01-01,2016,province,CN-XJ,新疆,CN-R-NW,西北,2521.38,374.01,2895.39,3702.56,807.17,7949.21,86.897,-8.824,632.77,1000.72,财政部,2016-04-20,final
2017-01-01,2017,national,CN,中国,,,170668.15,50531.85,221200,284800,63600.0,722000,86.775,-7.644,50602.54,70643.39,财政部,2017-04-21,final
2017-01-01,2017,region,CN-R-NC,华北,CN,中国,21868.83,4607.85,26476.68,33307.14,6830.46,88470.58,91.261,-7.046,7447.34,9596.94,财政部,2017-04-21,final
2017-01-01,2017,region,CN-R-NE,东北,CN,中国,8684.23,1680.81,10365.04,13215.44,2850.4,35582.56,91.977,-7.368,2364.63,3746.95,财政部,2017-04-21,final
2017-01-01,2017,region,CN-R-EC,华东,CN,中国,66339.87,22656.33,88996.2,116471.04,27474.84,282735.07,84.143,-8.177,19985.08,24872.68,财政部,2017-04-21,final
2017-01-01,2017,region,CN-R-CC,华中,CN,中国,20958.09,7191.21,28149.3,34613.34,6464.04,94860.33,85.626,-5.835,4871.67,8249.93,财政部,2017-04-21,final
2017-01-01,2017,region,CN-R-SC,华南,CN,中国,21855.94,5932.29,27788.23,36334.59,8546.36,91880.38,87.933,-8.179,5449.78,9342.92,财政部,2017-04-21,final
2017-01-01,2017,region,CN-R-SW,西南,CN,中国,20732.43,5427.13,26159.56,33726.81,7567.25,80789.97,83.618,-7.832,7348.69,10508.21,财政部,2017-04-21,final
2017-01-01,2017,region,CN-R-NW,西北,CN,中国,10228.77,3036.21,13264.98,17131.64,3866.66,47681.1,98.312,-7.973,3135.35,4325.77,财政部,2017-04-21,final
2017-01-01,2017,province,CN-BJ,北京,CN-R-NC,华北,6551.33,1221.65,7772.98,9309.15,1536.17,25201.15,85.488,-5.211,1519.27,2988.41,财政部,2017-04-21,final
2017-01-01,2017,province,CN-TJ,天津,CN-R-NC,华北,2492.77,602.0,3094.77,3615.84,521.07,9891.14,88.072,-4.64,864.13,1146.1,财政部,2017-04-21,final
2017-01-01,2017,province,CN-HE,河北,CN-R-NC,华北,6360.23,1401.96,7762.19,10264.84,2502.65,27316.67,96.03,-8.798,2796.07,2328.84,财政部,2017-04-21,final
2017-01-01,2017,province,CN-SX,山西,CN-R-NC,华北,3967.61,717.0,4684.61,5956.64,1272.03,14649.1,87.001,-7.555,1255.55,1769.33,财政部,2017-04-21,final
2017-01-01,2017,province,CN-NM,内蒙古,CN-R-NC,华北,2496.89,665.25,3162.14,4160.68,998.54,11412.52,104.24,-9.12,1012.32,1364.26,财政部,2017-04-21,final
2017-01-01,2017,province,CN-LN,辽宁,CN-R-NE,东北,4353.78,1038.55,5392.33,6925.3,1532.97,19077.75,95.46,-7.671,1100.04,1740.41,财政部,2017-04-21,final
2017-01-01,2017,province,CN-JL,吉林,CN-R-NE,东北,1757.92,287.14,2045.06,2483.54,438.48,7158.67,90.775,-5.56,467.55,966.24,财政部,2017-04-21,final
2017-01-01,2017,province,CN-HL,黑龙江,CN-R-NE,东北,2572.53,355.12,2927.65,3806.61,878.96,9346.13,86.419,-8.127,797.04,1040.3,财政部,2017-04-21,final
2017-01-01,2017,province,CN-SH,上海,CN-R-EC,华东,6035.71,2010.57,8046.28,11314.97,3268.69,26048.36,86.154,-10.811,1755.69,2756.86,财政部,2017-04-21,final
2017-01-01,2017,province,CN-JS,江苏,CN-R-EC,华东,15758.9,6266.51,22025.41,27593.08,5567.67,66626.99,77.423,-6.47,4640.31,5288.6,财政部,2017-04-21,final
2017-01-01,2017,province,CN-ZJ,浙江,CN-R-EC,华东,10877.94,4017.44,14895.38,20916.53,6021.15,49880.34,84.065,-10.148,3345.99,4038.15,财政部,2017-04-21,final
2017-01-01,2017,province,CN-AH,安徽,CN-R-EC,华东,6427.97,2177.81,8605.78,10871.55,2265.77,26389.23,81.659,-7.011,1729.36,1802.37,财政部,2017-04-21,final
2017-01-01,2017,province,CN-FJ,福建,CN-R-EC,华东,7388.28,1918.63,9306.91,12862.52,3555.61,29386.03,85.799,-10.381,2314.84,2620.17,财政部,2017-04-21,final
2017-01-01,2017,province,CN-JX,江西,CN-R-EC,华东,4082.7,1442.72,5525.42,6868.74,1343.32,17764.88,87.032,-6.581,986.16,1664.24,财政部,2017-04-21,final
2017-01-01,2017,province,CN-SD,山东,CN-R-EC,华东,15768.36,4822.67,20591.03,26043.65,5452.62,66639.24,90.773,-7.427,5212.73,6702.29,财政部,2017-04-21,final
2017-01-01,2017,province,CN-HA,河南,CN-R-CC,华中,7628.62,2679.24,10307.86,12860.48,2552.62,34471.79,86.289,-6.39,1689.94,2668.06,财政部,2017-04-21,final
2017-01-01,2017,province,CN-HB,湖北,CN-R-CC,华中,7421.86,2314.3,9736.16,11524.3,1788.14,30568.12,82.247,-4.811,1543.98,3070.13,财政部,2017-04-21,final
2017-01-01,2017,province,CN-HN,湖南,CN-R-CC,华中,5907.61,2197.67,8105.28,10228.57,2123.29,29820.43,88.571,-6.306,1637.75,2511.75,财政部,2017-04-21,final
2017-01-01,2017,province,CN-GD,广东,CN-R-SC,华南,17333.28,4545.24,21878.52,28145.98,6267.46,74566.55,89.929,-7.559,4379.47,7583.07,财政部,2017-04-21,final
2017-01-01,2017,province,CN-GX,广西,CN-R-SC,华南,3575.65,1034.49,4610.14,6388.86,1778.72,13119.85,78.572,-10.652,784.86,1388.09,财政部,2017-04-21,final
2017-01-01,2017,province,CN-HI,海南,CN-R-SC,华南,947.0,352.57,1299.57,1799.75,500.18,4193.99,86.044,-10.262,285.45,371.76,财政部,2017-04-21,final
2017-01-01,2017,province,CN-CQ,重庆,CN-R-SW,西南,4005.6,1085.4,5091.0,6088.14,997.14,16667.06,84.871,-5.078,1328.19,2181.8,财政部,2017-04-21,final
2017-01-01,2017,province,CN-SC,四川,CN-R-SW,西南,9420.27,2040.06,11460.33,15360.58,3900.25,33622.16,83.086,-9.638,3750.82,4759.61,财政部,2017-04-21,final
2017-01-01,2017,province,CN-GZ,贵州,CN-R-SW,西南,3307.67,985.82,4293.49,5149.21,855.72,12953.89,77.617,-5.127,1088.44,1716.16,财政部,2017-04-21,final
2017-01-01,2017,province,CN-YN,云南,CN-R-SW,西南,3587.84,1229.47,4817.31,6539.58,1722.27,16029.15,89.264,-9.591,1070.25,1670.28,财政部,2017-04-21,final
2017-01-01,2017,province,CN-XZ,西藏,CN-R-SW,西南,411.05,86.38,497.43,589.29,91.86,1517.71,81.311,-4.921,110.99,180.36,财政部,2017-04-21,final
2017-01-01,2017,province,CN-SN,陕西,CN-R-NW,西北,5095.99,1356.46,6452.45,8412.91,1960.46,22152.26,95.981,-8.494,1702.27,2203.12,财政部,2017-04-21,final
2017-01-01,2017,province,CN-GS,甘肃,CN-R-NW,西北,1464.53,382.38,1846.91,2370.52,523.61,6219.33,87.079,-7.331,456.61,543.55,财政部,2017-04-21,final
2017-01-01,2017,province,CN-QH,青海,CN-R-NW,西北,667.71,213.07,880.78,1216.65,335.87,3500.88,114.187,-10.955,176.91,368.62,财政部,2017-04-21,final
2017-01-01,2017,province,CN-NX,宁夏,CN-R-NW,西北,884.95,323.3,1208.25,1532.12,323.87,4725.04,111.117,-7.616,298.22,373.29,财政部,2017-04-21,final
2017-01-01,2017,province,CN-XJ,新疆,CN-R-NW,西北,2115.6,760.98,2876.58,3599.44,722.86,11083.58,101.133,-6.596,501.34,837.19,财政部,2017-04-21,final
2018-01-01,2018,national,CN,中国,,,175032.79,51367.21,226400,291600,65200.0,764000,83.108,-7.092,42461.48,74876.59,财政部,2018-04-21,final
2018-01-01,2018,region,CN-R-NC,华北,CN,中国,20187.69,7021.59,27209.28,34225.39,7016.11,100358.49,87.564,-6.122,3861.15,10216.06,财政部,2018-04-21,final
2018-01-01,2018,region,CN-R-NE,东北,CN,中国,7627.67,2694.69,10322.36,13427.27,3104.91,36669.69,85.116,-7.207,2268.16,3345.82,财政部,2018-04-21,final
2018-01-01,2018,region,CN-R-EC,华东,CN,中国,71448.84,18533.68,89982.52,114815.31,24832.79,291598.61,81.97,-6.981,16484.73,24261.04,财政部,2018-04-21,final
2018-01-01,2018,region,CN-R-CC,华中,CN,中国,21560.48,7531.54,29092.02,37176.33,8084.31,95807.07,79.496,-6.708,5375.22,11166.97,财政部,2018-04-21,final
2018-01-01,2018,region,CN-R-SC,华南,CN,中国,23636.3,6412.15,30048.45,39092.81,9044.36,97813.81,77.789,-7.193,6705.82,11148.02,财政部,2018-04-21,final
2018-01-01,2018,region,CN-R-SW,西南,CN,中国,19619.24,6884.07,26503.31,35738.73,9235.42,93071.53,88.929,-8.824,5524.67,10486.62,财政部,2018-04-21,final
2018-01-01,2018,region,CN-R-NW,西北,CN,中国,10952.57,2289.49,13242.06,17124.15,3882.09,48680.79,88.624,-7.067,2241.73,4252.06,财政部,2018-04-21,final
2018-01-01,2018,province,CN-BJ,北京,CN-R-NC,华北,6190.77,1831.99,8022.76,9972.72,1949.96,30773.29,89.441,-5.667,976.81,2756.6,财政部,2018-04-21,final
2018-01-01,2018,province,CN-TJ,天津,CN-R-NC,华北,2407.86,828.61,3236.47,4300.49,1064.02,11603.11,85.603,-7.85,639.33,1295.07,财政部,2018-04-21,final
2018-01-01,2018,province,CN-HE,河北,CN-R-NC,华北,5720.74,2409.72,8130.46,9847.47,1717.01,30181.88,90.628,-5.156,1205.21,3069.92,财政部,2018-04-21,final
2018-01-01,2018,province,CN-SX,山西,CN-R-NC,华北,3580.93,1008.57,4589.5,6232.34,1642.84,16851.42,86.695,-8.452,698.15,1748.28,财政部,2018-04-21,final
2018-01-01,2018,province,CN-NM,内蒙古,CN-R-NC,华北,2287.39,942.71,3230.1,3872.37,642.27,10948.79,78.709,-4.617,341.65,1346.19,财政部,2018-04-21,final
2018-01-01,2018,province,CN-LN,辽宁,CN-R-NE,东北,4089.67,1411.6,5501.27,7497.23,1995.96,19388.07,85.505,-8.803,1276.61,1783.62,财政部,2018-04-21,final
2018-01-01,2018,province,CN-JL,吉林,CN-R-NE,东北,1371.45,631.49,2002.94,2606.81,603.87,7947.76,90.877,-6.905,546.89,740.52,财政部,2018-04-21,final
2018-01-01,2018,province,CN-HL,黑龙江,CN-R-NE,东北,2166.55,651.6,2818.15,3323.23,505.08,9333.86,80.038,-4.331,444.66,821.68,财政部,2018-04-21,final
2018-01-01,2018,province,CN-SH,上海,CN-R-EC,华东,6153.18,1984.71,8137.89,10331.28,2193.39,25991.48,77.948,-6.578,1207.46,2344.47,财政部,2018-04-21,final
2018-01-01,2018,province,CN-JS,江苏,CN-R-EC,华东,18560.15,3844.8,22404.95,26731.0,4326.05,73070.88,80.051,-4.739,4603.75,4921.08,财政部,2018-04-21,final
2018-01-01,2018,province,CN-ZJ,浙江,CN-R-EC,华东,11905.82,3765.2,15671.02,19540.71,3869.69,49651.05,83.69,-6.523,3059.17,4652.44,财政部,2018-04-21,final
2018-01-01,2018,province,CN-AH,安徽,CN-R-EC,华东,6461.21,2162.3,8623.51,11665.15,3041.64,25990.76,76.931,-9.003,1485.63,1839.86,财政部,2018-04-21,final
2018-01-01,2018,province,CN-FJ,福建,CN-R-EC,华东,7030.72,1923.16,8953.88,11719.43,2765.55,28913.65,78.768,-7.534,1841.96,2977.54,财政部,2018-04-21,final
2018-01-01,2018,province,CN-JX,江西,CN-R-EC,华东,4669.68,1130.95,5800.63,8067.6,2266.97,18985.84,82.824,-9.889,931.75,1319.18,财政部,2018-04-21,final
2018-01-01,2018,province,CN-SD,山东,CN-R-EC,华东,16668.07,3722.58,20390.65,26760.15,6369.5,68994.94,88.035,-8.127,3355.01,6206.46,财政部,2018-04-21,final
2018-01-01,2018,province,CN-HA,河南,CN-R-CC,华中,7781.58,2604.01,10385.59,13708.97,3323.38,35434.8,81.241,-7.62,2302.69,4306.68,财政部,2018-04-21,final
2018-01-01,2018,province,CN-HB,湖北,CN-R-CC,华中,7565.28,2582.53,10147.81,12302.12,2154.31,31133.67,75.241,-5.206,1455.47,3375.08,财政部,2018-04-21,final
2018-01-01,2018,province,CN-HN,湖南,CN-R-CC,华中,6213.63,2344.99,8558.62,11165.24,2606.62,29238.6,82.309,-7.338,1617.06,3485.21,财政部,2018-04-21,final
2018-01-01,2018,province,CN-GD,广东,CN-R-SC,华南,18765.43,5145.33,23910.76,31304.38,7393.62,77182.7,76.941,-7.371,5435.83,8375.87,财政部,2018-04-21,final
2018-01-01,2018,province,CN-GX,广西,CN-R-SC,华南,3746.74,974.47,4721.21,5910.56,1189.35,15910.66,80.335,-6.005,980.88,2223.37,财政部,2018-04-21,final
2018-01-01,2018,province,CN-HI,海南,CN-R-SC,华南,1124.13,292.35,1416.48,1877.87,461.39,4720.45,83.947,-8.205,289.11,548.78,财政部,2018-04-21,final
2018-01-01,2018,province,CN-CQ,重庆,CN-R-SW,西南,3905.88,1244.07,5149.95,6363.44,1213.49,17635.64,85.52,-5.885,1031.67,1428.53,财政部,2018-04-21,final
2018-01-01,2018,province,CN-SC,四川,CN-R-SW,西南,8512.53,3186.96,11699.49,16302.51,4603.02,42998.04,92.348,-9.886,2738.77,5571.42,财政部,2018-04-21,final
2018-01-01,2018,province,CN-GZ,贵州,CN-R-SW,西南,3308.44,1168.33,4476.77,6116.15,1639.38,14754.44,86.428,-9.603,780.0,1451.22,财政部,2018-04-21,final
2018-01-01,2018,province,CN-YN,云南,CN-R-SW,西南,3504.39,1167.31,4671.7,6259.25,1587.55,15837.57,86.275,-8.648,859.5,1873.65,财政部,2018-04-21,final
2018-01-01,2018,province,CN-XZ,西藏,CN-R-SW,西南,387.99,117.41,505.4,697.39,191.99,1845.83,90.169,-9.379,114.74,161.81,财政部,2018-04-21,final
2018-01-01,2018,province,CN-SN,陕西,CN-R-NW,西北,5439.69,883.26,6322.95,8143.39,1820.44,21647.89,85.389,-7.181,1120.13,2023.78,财政部,2018-04-21,final
2018-01-01,2018,province,CN-GS,甘肃,CN-R-NW,西北,1482.12,387.59,1869.71,2355.64,485.93,7127.83,88.261,-6.017,230.27,571.31,财政部,2018-04-21,final
2018-01-01,2018,province,CN-QH,青海,CN-R-NW,西北,688.85,193.54,882.39,1124.42,242.03,3530.61,93.663,-6.421,160.71,289.68,财政部,2018-04-21,final
2018-01-01,2018,province,CN-NX,宁夏,CN-R-NW,西北,979.03,250.42,1229.45,1681.8,452.35,4777.51,96.916,-9.176,217.22,426.73,财政部,2018-04-21,final
2018-01-01,2018,province,CN-XJ,新疆,CN-R-NW,西北,2362.88,574.67,2937.55,3818.91,881.36,11596.95,90.584,-6.884,513.4,940.56,财政部,2018-04-21,final
2019-01-01,2019,national,CN,中国,,,174458.74,57141.26,231600,298400,66800.0,806000,81.343,-6.742,39661.35,63836.0,财政部,2019-04-21,final
2019-01-01,2019,region,CN-R-NC,华北,CN,中国,22163.44,5468.95,27632.39,34310.98,6678.59,88508.55,75.915,-5.728,5848.64,6232.37,财政部,2019-04-21,final
2019-01-01,2019,region,CN-R-NE,东北,CN,中国,8219.17,3080.85,11300.02,14162.81,2862.79,39470.16,82.863,-6.01,2372.23,2874.75,财政部,2019-04-21,final
2019-01-01,2019,region,CN-R-EC,华东,CN,中国,66714.15,25388.4,92102.55,122821.02,30718.47,332464.77,85.402,-7.891,14493.71,31736.73,财政部,2019-04-21,final
2019-01-01,2019,region,CN-R-CC,华中,CN,中国,22407.68,7565.57,29973.25,39535.1,9561.85,106057.48,78.113,-7.042,6639.73,7717.28,财政部,2019-04-21,final
2019-01-01,2019,region,CN-R-SC,华南,CN,中国,23487.12,6585.58,30072.7,38555.41,8482.71,95885.9,72.622,-6.425,4080.89,6959.93,财政部,2019-04-21,final
2019-01-01,2019,region,CN-R-SW,西南,CN,中国,21216.33,5925.29,27141.62,31859.94,4718.32,93260.51,82.708,-4.184,4367.27,5211.47,财政部,2019-04-21,final
2019-01-01,2019,region,CN-R-NW,西北,CN,中国,10250.85,3126.61,13377.46,17154.75,3777.29,50352.64,88.681,-6.653,1858.88,3103.48,财政部,2019-04-21,final
2019-01-01,2019,province,CN-BJ,北京,CN-R-NC,华北,6451.87,1997.71,8449.58,10229.33,1779.75,28196.46,82.987,-5.238,1423.96,2137.02,财政部,2019-04-21,final
2019-01-01,2019,province,CN-TJ,天津,CN-R-NC,华北,2666.56,500.19,3166.75,4052.39,885.64,10825.76,77.955,-6.377,581.36,794.66,财政部,2019-04-21,final
2019-01-01,2019,province,CN-HE,河北,CN-R-NC,华北,6384.03,1598.34,7982.37,9860.68,1878.31,24634.18,69.274,-5.282,1960.78,1527.44,财政部,2019-04-21,final
2019-01-01,2019,province,CN-SX,山西,CN-R-NC,华北,3841.99,915.4,4757.39,6136.57,1379.18,14711.59,75.739,-7.1,1020.65,1172.2,财政部,2019-04-21,final
2019-01-01,2019,province,CN-NM,内蒙古,CN-R-NC,华北,2819.0,457.3,3276.3,4032.01,755.71,10140.56,73.8,-5.5,861.88,601.05,财政部,2019-04-21,final
2019-01-01,2019,province,CN-LN,辽宁,CN-R-NE,东北,4139.9,1657.03,5796.93,7394.94,1598.01,19434.43,78.946,-6.491,1474.18,1579.68,财政部,2019-04-21,final
2019-01-01,2019,province,CN-JL,吉林,CN-R-NE,东北,1667.96,582.12,2250.08,2787.95,537.87,8839.1,90.389,-5.5,376.27,437.31,财政部,2019-04-21,final
2019-01-01,2019,province,CN-HL,黑龙江,CN-R-NE,东北,2411.31,841.7,3253.01,3979.92,726.91,11196.63,84.588,-5.492,521.78,857.76,财政部,2019-04-21,final
2019-01-01,2019,province,CN-SH,上海,CN-R-EC,华东,6561.12,1932.83,8493.95,11841.16,3347.21,30358.38,80.395,-8.864,1455.94,2583.68,财政部,2019-04-21,final
2019-01-01,2019,province,CN-JS,江苏,CN-R-EC,华东,17241.43,5418.9,22660.33,31261.18,8600.85,82454.61,84.365,-8.8,3740.29,9538.14,财政部,2019-04-21,final
2019-01-01,2019,province,CN-ZJ,浙江,CN-R-EC,华东,11022.77,4858.42,15881.19,21083.31,5202.12,52737.97,78.774,-7.77,2050.76,5887.63,财政部,2019-04-21,final
2019-01-01,2019,province,CN-AH,安徽,CN-R-EC,华东,6218.96,2577.9,8796.86,11401.09,2604.23,30528.96,85.201,-7.268,1213.75,2647.44,财政部,2019-04-21,final
2019-01-01,2019,province,CN-FJ,福建,CN-R-EC,华东,6671.58,2746.21,9417.79,13178.98,3761.19,32087.53,81.81,-9.59,1662.04,2646.46,财政部,2019-04-21,final
2019-01-01,2019,province,CN-JX,江西,CN-R-EC,华东,3933.14,1657.49,5590.63,7015.96,1425.33,21765.47,89.272,-5.846,791.31,1909.86,财政部,2019-04-21,final
2019-01-01,2019,province,CN-SD,山东,CN-R-EC,华东,15065.15,6196.66,21261.81,27039.35,5777.54,82531.85,94.414,-6.609,3579.62,6523.53,财政部,2019-04-21,final
2019-01-01,2019,province,CN-HA,河南,CN-R-CC,华中,8014.12,3119.62,11133.74,14664.07,3530.33,39343.64,80.657,-7.237,2145.48,2241.04,财政部,2019-04-21,final
2019-01-01,2019,province,CN-HB,湖北,CN-R-CC,华中,7533.84,2577.41,10111.25,12487.67,2376.42,38288.15,80.556,-5.0,2547.63,2658.0,财政部,2019-04-21,final
2019-01-01,2019,province,CN-HN,湖南,CN-R-CC,华中,6859.71,1868.55,8728.26,12383.36,3655.1,28425.69,72.025,-9.261,1946.62,2818.24,财政部,2019-04-21,final
2019-01-01,2019,province,CN-GD,广东,CN-R-SC,华南,18760.91,5279.57,24040.48,30796.91,6756.43,74971.2,70.739,-6.375,3262.53,5864.5,财政部,2019-04-21,final
2019-01-01,2019,province,CN-GX,广西,CN-R-SC,华南,3615.76,983.55,4599.31,5879.86,1280.55,16290.61,81.197,-6.383,604.35,866.57,财政部,2019-04-21,final
2019-01-01,2019,province,CN-HI,海南,CN-R-SC,华南,1110.45,322.47,1432.92,1878.63,445.71,4624.09,77.231,-7.444,214.01,228.86,财政部,2019-04-21,final
2019-01-01,2019,province,CN-CQ,重庆,CN-R-SW,西南,4250.74,1195.57,5446.31,6295.67,849.36,19659.62,88.223,-3.812,896.76,1133.63,财政部,2019-04-21,final
2019-01-01,2019,province,CN-SC,四川,CN-R-SW,西南,8885.54,2810.17,11695.71,14126.45,2430.74,39978.61,80.439,-4.891,2046.15,2160.63,财政部,2019-04-21,final
2019-01-01,2019,province,CN-GZ,贵州,CN-R-SW,西南,3781.23,672.89,4454.12,5266.37,812.25,13996.25,75.995,-4.41,820.01,850.06,财政部,2019-04-21,final
2019-01-01,2019,province,CN-YN,云南,CN-R-SW,西南,3870.55,1146.42,5016.97,5543.97,527.0,17939.76,89.509,-2.629,544.98,949.26,财政部,2019-04-21,final
2019-01-01,2019,province,CN-XZ,西藏,CN-R-SW,西南,428.27,100.25,528.52,627.48,98.96,1686.26,72.861,-4.276,59.37,117.89,财政部,2019-04-21,final
2019-01-01,2019,province,CN-SN,陕西,CN-R-NW,西北,4848.46,1421.63,6270.09,7590.51,1320.42,22766.2,82.707,-4.797,787.73,1344.99,财政部,2019-04-21,final
2019-01-01,2019,province,CN-GS,甘肃,CN-R-NW,西北,1565.41,453.57,2018.98,2772.69,753.71,8040.45,101.183,-9.485,356.53,426.7,财政部,2019-04-21,final
2019-01-01,2019,province,CN-QH,青海,CN-R-NW,西北,689.08,198.92,888.0,1108.65,220.65,3162.82,81.884,-5.713,91.57,262.71,财政部,2019-04-21,final
2019-01-01,2019,province,CN-NX,宁夏,CN-R-NW,西北,870.36,361.75,1232.11,1679.49,447.38,4807.98,91.921,-8.553,143.16,300.86,财政部,2019-04-21,final
2019-01-01,2019,province,CN-XJ,新疆,CN-R-NW,西北,2277.55,690.72,2968.27,4003.42,1035.15,11575.2,94.775,-8.476,479.88,768.22,财政部,2019-04-21,final
2020-01-01,2020,national,CN,中国,,,176964.12,59835.88,236800,305200,68400.0,848000,83.466,-6.732,66608.85,82649.98,财政部,2020-04-20,final
2020-01-01,2020,region,CN-R-NC,华北,CN,中国,20924.23,6247.61,27171.84,32635.86,5464.02,101355.19,82.476,-4.446,7537.22,8364.38,财政部,2020-04-20,final
2020-01-01,2020,region,CN-R-NE,东北,CN,中国,8566.49,2459.2,11025.69,13359.17,2333.48,34364.21,74.177,-5.037,3507.13,3574.27,财政部,2020-04-20,final
2020-01-01,2020,region,CN-R-EC,华东,CN,中国,71396.03,23324.28,94720.31,125985.52,31265.21,335428.17,84.226,-7.851,29388.72,34012.82,财政部,2020-04-20,final
2020-01-01,2020,region,CN-R-CC,华中,CN,中国,23668.05,8004.03,31672.08,37404.57,5732.49,117433.29,86.569,-4.226,6512.66,11679.56,财政部,2020-04-20,final
2020-01-01,2020,region,CN-R-SC,华南,CN,中国,21681.84,8672.68,30354.52,40908.85,10554.33,111238.4,84.661,-8.033,7061.24,10772.6,财政部,2020-04-20,final
2020-01-01,2020,region,CN-R-SW,西南,CN,中国,19803.73,7592.86,27396.59,36444.68,9048.09,97668.23,81.089,-7.512,8770.83,7984.14,财政部,2020-04-20,final
2020-01-01,2020,region,CN-R-NW,西北,CN,中国,10923.75,3535.22,14458.97,18461.34,4002.37,50512.51,82.77,-6.558,3831.06,6262.21,财政部,2020-04-20,final
2020-01-01,2020,province,CN-BJ,北京,CN-R-NC,华北,5949.72,2232.95,8182.67,9586.22,1403.55,31191.33,85.378,-3.842,2095.28,2300.82,财政部,2020-04-20,final
2020-01-01,2020,province,CN-TJ,天津,CN-R-NC,华北,2639.28,596.98,3236.26,3857.57,621.31,12073.85,84.192,-4.332,878.06,917.95,财政部,2020-04-20,final
2020-01-01,2020,province,CN-HE,河北,CN-R-NC,华北,6317.77,1702.88,8020.65,9653.4,1632.75,30607.36,84.571,-4.511,2652.84,2884.5,财政部,2020-04-20,final
2020-01-01,2020,province,CN-SX,山西,CN-R-NC,华北,3486.67,1011.33,4498.0,5724.88,1226.88,15541.66,74.728,-5.899,991.72,1169.55,财政部,2020-04-20,final
2020-01-01,2020,province,CN-NM,内蒙古,CN-R-NC,华北,2530.79,703.46,3234.25,3813.79,579.54,11940.99,79.465,-3.857,919.32,1091.56,财政部,2020-04-20,final
2020-01-01,2020,province,CN-LN,辽宁,CN-R-NE,东北,4344.08,1410.75,5754.83,6748.16,993.33,17974.24,72.966,-4.032,1921.82,2171.15,财政部,2020-04-20,final
2020-01-01,2020,province,CN-JL,吉林,CN-R-NE,东北,1752.1,407.27,2159.37,2686.88,527.51,6944.36,76.974,-5.847,742.28,611.63,财政部,2020-04-20,final
2020-01-01,2020,province,CN-HL,黑龙江,CN-R-NE,东北,2470.3,641.19,3111.49,3924.13,812.64,9445.61,74.539,-6.413,843.03,791.49,财政部,2020-04-20,final
2020-01-01,2020,province,CN-SH,上海,CN-R-EC,华东,6423.88,2360.58,8784.46,12454.09,3669.63,34353.68,94.312,-10.074,2704.93,4043.95,财政部,2020-04-20,final
2020-01-01,2020,province,CN-JS,江苏,CN-R-EC,华东,18930.53,4696.51,23627.04,29419.56,5792.52,81317.33,79.646,-5.673,7970.87,9371.34,财政部,2020-04-20,final
2020-01-01,2020,province,CN-ZJ,浙江,CN-R-EC,华东,12169.07,4382.65,16551.72,22715.84,6164.12,62167.09,93.845,-9.305,5408.11,5398.88,财政部,2020-04-20,final
2020-01-01,2020,province,CN-AH,安徽,CN-R-EC,华东,6428.39,2192.65,8621.04,12065.1,3444.06,30323.56,78.801,-8.95,2554.05,3328.53,财政部,2020-04-20,final
2020-01-01,2020,province,CN-FJ,福建,CN-R-EC,华东,7045.44,2587.85,9633.29,13846.35,4213.06,33480.34,80.663,-10.15,3692.61,4074.94,财政部,2020-04-20,final
2020-01-01,2020,province,CN-JX,江西,CN-R-EC,华东,4627.99,1482.29,6110.28,8822.19,2711.91,21963.53,88.73,-10.956,2362.93,2241.43,财政部,2020-04-20,final
2020-01-01,2020,province,CN-SD,山东,CN-R-EC,华东,15770.73,5621.76,21392.49,26662.39,5269.9,71822.64,80.936,-5.939,4695.21,5553.74,财政部,2020-04-20,final
2020-01-01,2020,province,CN-HA,河南,CN-R-CC,华中,8104.72,3236.42,11341.14,13378.49,2037.35,45499.73,92.207,-4.129,2424.73,3837.54,财政部,2020-04-20,final
2020-01-01,2020,province,CN-HB,湖北,CN-R-CC,华中,8259.75,2795.76,11055.51,12933.61,1878.1,39707.98,84.561,-4.0,1922.27,3962.3,财政部,2020-04-20,final
2020-01-01,2020,province,CN-HN,湖南,CN-R-CC,华中,7303.58,1971.85,9275.43,11092.47,1817.04,32225.58,81.895,-4.618,2165.66,3879.72,财政部,2020-04-20,final
2020-01-01,2020,province,CN-GD,广东,CN-R-SC,华南,17236.4,7029.75,24266.15,32871.74,8605.59,90169.66,87.042,-8.307,5436.43,8645.65,财政部,2020-04-20,final
2020-01-01,2020,province,CN-GX,广西,CN-R-SC,华南,3467.01,1232.32,4699.33,6263.48,1564.15,16347.39,75.502,-7.224,1260.33,1586.98,财政部,2020-04-20,final
2020-01-01,2020,province,CN-HI,海南,CN-R-SC,华南,978.44,410.61,1389.05,1773.63,384.58,4721.35,76.807,-6.256,364.48,539.97,财政部,2020-04-20,final
2020-01-01,2020,province,CN-CQ,重庆,CN-R-SW,西南,4088.2,1608.91,5697.11,7876.61,2179.5,18468.27,74.952,-8.845,2153.32,1895.11,财政部,2020-04-20,final
2020-01-01,2020,province,CN-SC,四川,CN-R-SW,西南,8287.57,3400.55,11688.12,15789.93,4101.81,42703.69,83.098,-7.982,3267.26,3184.79,财政部,2020-04-20,final
2020-01-01,2020,province,CN-GZ,贵州,CN-R-SW,西南,3455.1,1162.88,4617.98,5775.78,1157.8,16518.38,81.042,-5.68,1594.74,1533.07,财政部,2020-04-20,final
2020-01-01,2020,province,CN-YN,云南,CN-R-SW,西南,3589.39,1246.47,4835.86,6304.83,1468.97,17919.78,83.079,-6.81,1577.34,1253.55,财政部,2020-04-20,final
2020-01-01,2020,province,CN-XZ,西藏,CN-R-SW,西南,383.47,174.06,557.53,697.53,140.0,2058.11,83.51,-5.681,178.17,117.63,财政部,2020-04-20,final
2020-01-01,2020,province,CN-SN,陕西,CN-R-NW,西北,5362.16,1618.96,6981.12,9287.89,2306.77,23828.26,81.452,-7.885,1997.89,2696.62,财政部,2020-04-20,final
2020-01-01,2020,province,CN-GS,甘肃,CN-R-NW,西北,1514.12,583.76,2097.88,2704.63,606.75,7682.55,87.814,-6.935,685.17,1005.95,财政部,2020-04-20,final
2020-01-01,2020,province,CN-QH,青海,CN-R-NW,西北,725.58,200.97,926.55,1240.87,314.32,3418.2,90.95,-8.363,242.78,368.9,财政部,2020-04-20,final
2020-01-01,2020,province,CN-NX,宁夏,CN-R-NW,西北,990.96,317.53,1308.49,1594.53,286.04,4518.23,81.11,-5.135,272.23,578.05,财政部,2020-04-20,final
2020-01-01,2020,province,CN-XJ,新疆,CN-R-NW,西北,2330.94,814.0,3144.94,3633.42,488.48,11065.27,80.794,-3.567,632.99,1612.69,财政部,2020-04-20,final
2021-01-01,2021,national,CN,中国,,,202717.29,39282.71,242000,312000,70000.0,890000,77.443,-6.091,40863.08,79091.7,财政部,2021-04-21,final
2021-01-01,2021,region,CN-R-NC,华北,CN,中国,23843.62,4680.89,28524.51,38367.86,9843.35,108827.21,79.24,-7.167,4782.82,12242.76,财政部,2021-04-21,final
2021-01-01,2021,region,CN-R-NE,东北,CN,中国,9382.36,2174.22,11556.58,14581.19,3024.61,43993.3,84.564,-5.814,1507.55,3971.82,财政部,2021-04-21,final
2021-01-01,2021,region,CN-R-EC,华东,CN,中国,79349.25,16754.34,96103.59,116161.27,20057.68,360551.24,77.89,-4.333,15653.85,26141.88,财政部,2021-04-21,final
2021-01-01,2021,region,CN-R-CC,华中,CN,中国,27317.66,3886.34,31204.0,41462.52,10258.52,103133.72,69.05,-6.868,6168.52,9086.25,财政部,2021-04-21,final
2021-01-01,2021,region,CN-R-SC,华南,CN,中国,27033.74,4809.81,31843.55,43144.67,11301.12,123119.85,83.819,-7.694,4675.49,12293.24,财政部,2021-04-21,final
2021-01-01,2021,region,CN-R-SW,西南,CN,中国,23102.37,4849.64,27952.01,39048.67,11096.66,93906.79,71.476,-8.446,5594.55,11225.98,财政部,2021-04-21,final
2021-01-01,2021,region,CN-R-NW,西北,CN,中国,12688.28,2127.48,14815.76,19233.82,4418.06,56467.89,81.431,-6.371,2480.31,4129.76,财政部,2021-04-21,final
2021-01-01,2021,province,CN-BJ,北京,CN-R-NC,华北,6834.49,1373.11,8207.6,10537.08,2329.48,29493.55,73.031,-5.768,1200.98,3344.05,财政部,2021-04-21,final
2021-01-01,2021,province,CN-TJ,天津,CN-R-NC,华北,2864.79,404.36,3269.15,4710.42,1441.27,12600.44,78.004,-8.922,760.57,1168.29,财政部,2021-04-21,final
2021-01-01,2021,province,CN-HE,河北,CN-R-NC,华北,7022.54,1634.67,8657.21,12508.5,3851.29,35617.29,85.256,-9.219,1383.06,4729.83,财政部,2021-04-21,final
2021-01-01,2021,province,CN-SX,山西,CN-R-NC,华北,4088.36,851.85,4940.21,6188.06,1247.85,18375.71,77.59,-5.269,752.97,1723.73,财政部,2021-04-21,final
2021-01-01,2021,province,CN-NM,内蒙古,CN-R-NC,华北,3033.45,416.89,3450.34,4423.81,973.47,12740.22,83.052,-6.346,685.24,1276.86,财政部,2021-04-21,final
2021-01-01,2021,province,CN-LN,辽宁,CN-R-NE,东北,4963.94,1162.86,6126.8,7570.97,1444.17,23520.08,88.86,-5.456,772.35,1989.2,财政部,2021-04-21,final
2021-01-01,2021,province,CN-JL,吉林,CN-R-NE,东北,1873.62,414.88,2288.5,3023.81,735.31,9188.87,87.819,-7.027,382.85,924.21,财政部,2021-04-21,final
2021-01-01,2021,province,CN-HL,黑龙江,CN-R-NE,东北,2544.8,596.48,3141.28,3986.41,845.13,11284.35,74.773,-5.6,352.35,1058.41,财政部,2021-04-21,final
2021-01-01,2021,province,CN-SH,上海,CN-R-EC,华东,7199.67,1647.08,8846.75,9963.08,1116.33,32140.11,76.332,-2.651,1080.06,1685.18,财政部,2021-04-21,final
2021-01-01,2021,province,CN-JS,江苏,CN-R-EC,华东,20554.62,3043.4,23598.02,28637.25,5039.23,94148.75,82.457,-4.413,3033.75,5422.47,财政部,2021-04-21,final
2021-01-01,2021,province,CN-ZJ,浙江,CN-R-EC,华东,13266.3,2577.76,15844.06,18372.42,2528.36,56903.62,71.268,-3.167,2066.0,4886.75,财政部,2021-04-21,final
2021-01-01,2021,province,CN-AH,安徽,CN-R-EC,华东,7181.0,2168.53,9349.53,11984.06,2634.53,32336.88,75.131,-6.121,1337.23,3054.29,财政部,2021-04-21,final
2021-01-01,2021,province,CN-FJ,福建,CN-R-EC,华东,8539.15,1409.25,9948.4,12811.66,2863.26,39815.15,86.717,-6.236,2300.69,2761.55,财政部,2021-04-21,final
2021-01-01,2021,province,CN-JX,江西,CN-R-EC,华东,5062.59,1029.66,6092.25,7263.64,1171.39,21260.12,72.812,-4.012,916.95,1456.87,财政部,2021-04-21,final
2021-01-01,2021,province,CN-SD,山东,CN-R-EC,华东,17545.92,4878.66,22424.58,27129.16,4704.58,83946.62,77.287,-4.331,4919.17,6874.77,财政部,2021-04-21,final
2021-01-01,2021,province,CN-HA,河南,CN-R-CC,华中,9903.57,1274.36,11177.93,14568.49,3390.56,36159.37,67.488,-6.328,2329.88,3446.04,财政部,2021-04-21,final
2021-01-01,2021,province,CN-HB,湖北,CN-R-CC,华中,9722.25,1121.64,10843.89,14388.7,3544.81,36810.49,70.462,-6.785,2493.9,3113.92,财政部,2021-04-21,final
2021-01-01,2021,province,CN-HN,湖南,CN-R-CC,华中,7691.84,1490.34,9182.18,12505.33,3323.15,30163.87,69.277,-7.632,1344.74,2526.29,财政部,2021-04-21,final
2021-01-01,2021,province,CN-GD,广东,CN-R-SC,华南,21821.43,3630.6,25452.03,34553.03,9101.0,94763.43,81.223,-7.801,3868.55,10258.33,财政部,2021-04-21,final
2021-01-01,2021,province,CN-GX,广西,CN-R-SC,华南,4044.25,929.6,4973.85,6684.03,1710.18,22479.86,95.762,-7.285,616.12,1601.29,财政部,2021-04-21,final
2021-01-01,2021,province,CN-HI,海南,CN-R-SC,华南,1168.06,249.61,1417.67,1907.6,489.93,5876.56,87.162,-7.267,190.82,433.62,财政部,2021-04-21,final
2021-01-01,2021,province,CN-CQ,重庆,CN-R-SW,西南,4390.93,1278.83,5669.76,8264.75,2594.99,19270.73,73.326,-9.874,952.28,2109.59,财政部,2021-04-21,final
2021-01-01,2021,province,CN-SC,四川,CN-R-SW,西南,10326.18,1944.21,12270.39,17047.06,4776.67,43027.54,74.701,-8.293,2257.62,4546.01,财政部,2021-04-21,final
2021-01-01,2021,province,CN-GZ,贵州,CN-R-SW,西南,3896.16,766.59,4662.75,6228.47,1565.72,15590.99,71.717,-7.202,1117.42,2255.87,财政部,2021-04-21,final
2021-01-01,2021,province,CN-YN,云南,CN-R-SW,西南,4064.07,745.41,4809.48,6761.34,1951.86,14301.97,61.836,-8.439,1133.23,2044.06,财政部,2021-04-21,final
2021-01-01,2021,province,CN-XZ,西藏,CN-R-SW,西南,425.03,114.6,539.63,747.05,207.42,1715.57,65.151,-7.877,134.0,270.45,财政部,2021-04-21,final
2021-01-01,2021,province,CN-SN,陕西,CN-R-NW,西北,6076.49,918.6,6995.09,9178.35,2183.26,26952.02,80.722,-6.539,1248.47,1756.66,财政部,2021-04-21,final
2021-01-01,2021,province,CN-GS,甘肃,CN-R-NW,西北,1814.72,264.8,2079.52,2610.27,530.75,7540.62,77.226,-5.436,269.81,676.09,财政部,2021-04-21,final
2021-01-01,2021,province,CN-QH,青海,CN-R-NW,西北,816.68,128.54,945.22,1194.48,249.26,3905.04,84.185,-5.374,185.05,269.29,财政部,2021-04-21,final
2021-01-01,2021,province,CN-NX,宁夏,CN-R-NW,西北,1151.31,279.19,1430.5,1955.33,524.83,5627.64,90.741,-8.462,337.32,324.26,财政部,2021-04-21,final
2021-01-01,2021,province,CN-XJ,新疆,CN-R-NW,西北,2829.08,536.35,3365.43,4295.39,929.96,12442.57,81.055,-6.058,439.67,1103.46,财政部,2021-04-21,final
2022-01-01,2022,national,CN,中国,,,187262.3,59937.7,247200,318800,71600.0,932000,77.012,-5.916,71725.86,69157.74,财政部,2022-04-21,final
2022-01-01,2022,region,CN-R-NC,华北,CN,中国,22106.0,8696.82,30802.82,37052.9,6250.08,108717.6,74.889,-4.305,7120.33,7290.26,财政部,2022-04-21,final
2022-01-01,2022,region,CN-R-NE,东北,CN,中国,8632.85,2918.64,11551.49,15489.34,3937.85,40737.68,74.132,-7.166,3362.52,3826.14,财政部,2022-04-21,final
2022-01-01,2022,region,CN-R-EC,华东,CN,中国,75609.01,20150.15,95759.16,122897.85,27138.69,362371.12,76.427,-5.724,26367.88,24603.39,财政部,2022-04-21,final
2022-01-01,2022,region,CN-R-CC,华中,CN,中国,25074.44,8330.04,33404.48,47029.87,13625.39,135904.49,86.289,-8.651,13348.57,10040.65,财政部,2022-04-21,final
2022-01-01,2022,region,CN-R-SC,华南,CN,中国,25374.36,8053.2,33427.56,41166.97,7739.41,125508.45,77.507,-4.779,8989.64,9002.27,财政部,2022-04-21,final
2022-01-01,2022,region,CN-R-SW,西南,CN,中国,19953.55,8016.05,27969.6,35862.27,7892.67,103210.89,71.014,-5.431,8335.29,9572.83,财政部,2022-04-21,final
2022-01-01,2022,region,CN-R-NW,西北,CN,中国,10512.08,3772.81,14284.89,19300.79,5015.9,55549.77,78.047,-7.047,4201.63,4822.19,财政部,2022-04-21,final
2022-01-01,2022,province,CN-BJ,北京,CN-R-NC,华北,7018.29,2606.19,9624.48,11676.43,2051.95,35031.82,81.618,-4.781,2702.39,2298.1,财政部,2022-04-21,final
2022-01-01,2022,province,CN-TJ,天津,CN-R-NC,华北,2415.68,1110.46,3526.14,4313.18,787.04,13042.26,73.489,-4.435,975.46,714.74,财政部,2022-04-21,final
2022-01-01,2022,province,CN-HE,河北,CN-R-NC,华北,6435.44,2534.73,8970.17,10744.21,1774.04,29791.3,69.461,-4.136,1727.73,1809.14,财政部,2022-04-21,final
2022-01-01,2022,province,CN-SX,山西,CN-R-NC,华北,3828.64,1316.93,5145.57,5993.37,847.8,17229.02,70.462,-3.467,1033.86,1474.94,财政部,2022-04-21,final
2022-01-01,2022,province,CN-NM,内蒙古,CN-R-NC,华北,2407.95,1128.5,3536.45,4325.71,789.26,13623.21,79.385,-4.599,680.89,993.34,财政部,2022-04-21,final
2022-01-01,2022,province,CN-LN,辽宁,CN-R-NE,东北,4385.43,1654.43,6039.86,7924.07,1884.21,21448.4,77.579,-6.815,1568.23,1606.16,财政部,2022-04-21,final
2022-01-01,2022,province,CN-JL,吉林,CN-R-NE,东北,1819.01,504.4,2323.41,3259.49,936.08,8437.84,75.359,-8.36,752.57,976.72,财政部,2022-04-21,final
2022-01-01,2022,province,CN-HL,黑龙江,CN-R-NE,东北,2428.41,759.82,3188.23,4305.78,1117.55,10851.44,67.363,-6.938,1041.72,1243.26,财政部,2022-04-21,final
2022-01-01,2022,province,CN-SH,上海,CN-R-EC,华东,7441.94,1606.6,9048.54,12460.76,3412.22,33422.02,77.039,-7.865,2053.13,2388.99,财政部,2022-04-21,final
2022-01-01,2022,province,CN-JS,江苏,CN-R-EC,华东,18025.82,5954.28,23980.1,29104.66,5124.56,89877.52,72.717,-4.146,6634.76,5450.54,财政部,2022-04-21,final
2022-01-01,2022,province,CN-ZJ,浙江,CN-R-EC,华东,13528.51,2922.67,16451.18,22012.16,5560.98,67504.24,82.276,-6.778,5260.33,4697.59,财政部,2022-04-21,final
2022-01-01,2022,province,CN-AH,安徽,CN-R-EC,华东,6780.54,2182.57,8963.11,12089.88,3126.77,32812.35,74.268,-7.077,2224.08,2649.21,财政部,2022-04-21,final
2022-01-01,2022,province,CN-FJ,福建,CN-R-EC,华东,7746.6,2305.85,10052.45,13956.02,3903.57,36124.59,76.028,-8.216,2903.11,2462.32,财政部,2022-04-21,final
2022-01-01,2022,province,CN-JX,江西,CN-R-EC,华东,4583.59,1511.44,6095.03,7580.57,1485.54,25168.72,86.919,-5.13,1748.33,1782.16,财政部,2022-04-21,final
2022-01-01,2022,province,CN-SD,山东,CN-R-EC,华东,17502.0,3666.75,21168.75,25693.8,4525.05,77461.68,74.154,-4.332,5544.16,5172.58,财政部,2022-04-21,final
2022-01-01,2022,province,CN-HA,河南,CN-R-CC,华中,8941.7,3143.13,12084.83,17779.78,5694.95,50105.3,87.31,-9.924,4474.99,3660.08,财政部,2022-04-21,final
2022-01-01,2022,province,CN-HB,湖北,CN-R-CC,华中,9063.2,2332.43,11395.63,16490.83,5095.2,45002.52,84.837,-9.605,5120.33,3629.54,财政部,2022-04-21,final
2022-01-01,2022,province,CN-HN,湖南,CN-R-CC,华中,7069.55,2854.48,9924.03,12759.26,2835.23,40796.67,86.68,-6.024,3753.25,2751.04,财政部,2022-04-21,final
2022-01-01,2022,province,CN-GD,广东,CN-R-SC,华南,19885.94,6840.36,26726.3,32877.5,6151.2,100472.8,78.613,-4.813,7001.49,7067.44,财政部,2022-04-21,final
2022-01-01,2022,province,CN-GX,广西,CN-R-SC,华南,4293.15,870.23,5163.38,6314.05,1150.67,19147.58,72.704,-4.369,1308.11,1464.6,财政部,2022-04-21,final
2022-01-01,2022,province,CN-HI,海南,CN-R-SC,华南,1195.27,342.6,1537.87,1975.42,437.55,5888.07,75.6,-5.618,680.04,470.24,财政部,2022-04-21,final
2022-01-01,2022,province,CN-CQ,重庆,CN-R-SW,西南,4250.89,1300.29,5551.18,7056.84,1505.66,21904.69,73.234,-5.034,1270.73,2321.51,财政部,2022-04-21,final
2022-01-01,2022,province,CN-SC,四川,CN-R-SW,西南,8405.67,3840.17,12245.84,15973.6,3727.76,43078.77,67.82,-5.869,4187.61,3862.64,财政部,2022-04-21,final
2022-01-01,2022,province,CN-GZ,贵州,CN-R-SW,西南,3501.06,1129.2,4630.26,5575.05,944.79,18524.52,77.916,-3.974,1145.6,1233.54,财政部,2022-04-21,final
2022-01-01,2022,province,CN-YN,云南,CN-R-SW,西南,3425.14,1589.51,5014.65,6544.44,1529.79,17683.17,69.906,-6.048,1549.76,1940.07,财政部,2022-04-21,final
2022-01-01,2022,province,CN-XZ,西藏,CN-R-SW,西南,370.79,156.88,527.67,712.35,184.68,2019.73,71.148,-6.506,181.59,215.07,财政部,2022-04-21,final
2022-01-01,2022,province,CN-SN,陕西,CN-R-NW,西北,4813.27,1961.66,6774.93,9534.99,2760.06,26483.98,79.396,-8.274,2337.47,2370.29,财政部,2022-04-21,final
2022-01-01,2022,province,CN-GS,甘肃,CN-R-NW,西北,1641.16,415.0,2056.16,2680.37,624.21,8211.57,79.746,-6.062,526.37,832.63,财政部,2022-04-21,final
2022-01-01,2022,province,CN-QH,青海,CN-R-NW,西北,684.54,264.52,949.06,1244.36,295.3,3619.39,73.563,-6.002,321.92,263.32,财政部,2022-04-21,final
2022-01-01,2022,province,CN-NX,宁夏,CN-R-NW,西北,1026.13,287.41,1313.54,1717.03,403.49,5187.55,80.076,-6.228,312.95,345.75,财政部,2022-04-21,final
2022-01-01,2022,province,CN-XJ,新疆,CN-R-NW,西北,2346.98,844.22,3191.2,4124.05,932.85,12047.28,74.726,-5.786,702.92,1010.2,财政部,2022-04-21,final
2023-01-01,2023,national,CN,中国,,,197209.77,55190.23,252400,325600,73200.0,974000,77.266,-5.807,45767.47,95514.81,财政部,2023-04-21,final
2023-01-01,2023,region,CN-R-NC,华北,CN,中国,26383.81,4928.37,31312.18,43700.22,12388.04,118216.04,78.659,-8.243,6248.23,11224.59,财政部,2023-04-21,final
2023-01-01,2023,region,CN-R-NE,东北,CN,中国,9117.13,2446.08,11563.21,13917.53,2354.32,44560.22,76.403,-4.037,2228.5,5305.46,财政部,2023-04-21,final
2023-01-01,2023,region,CN-R-EC,华东,CN,中国,74175.92,24328.85,98504.77,124860.22,26355.45,357635.31,71.108,-5.24,15943.73,37900.26,财政部,2023-04-21,final
2023-01-01,2023,region,CN-R-CC,华中,CN,中国,27060.95,6987.53,34048.48,42105.26,8056.78,141891.82,84.507,-4.798,6621.86,13009.87,财政部,2023-04-21,final
2023-01-01,2023,region,CN-R-SC,华南,CN,中国,25837.21,6725.07,32562.28,43195.33,10633.05,128473.4,79.366,-6.569,7710.85,12651.17,财政部,2023-04-21,final
2023-01-01,2023,region,CN-R-SW,西南,CN,中国,23137.77,6393.39,29531.16,37505.7,7974.54,128672.97,89.225,-5.53,4407.28,9628.08,财政部,2023-04-21,final
2023-01-01,2023,region,CN-R-NW,西北,CN,中国,11496.98,3380.94,14877.92,20315.74,5437.82,54550.24,72.706,-7.248,2607.03,5795.38,财政部,2023-04-21,final
2023-01-01,2023,province,CN-BJ,北京,CN-R-NC,华北,7864.53,1278.67,9143.2,12280.25,3137.05,33835.84,73.573,-6.821,1464.31,2974.75,财政部,2023-04-21,final
2023-01-01,2023,province,CN-TJ,天津,CN-R-NC,华北,3130.71,483.27,3613.98,4962.57,1348.59,11967.98,70.873,-7.986,911.93,1141.16,财政部,2023-04-21,final
2023-01-01,2023,province,CN-HE,河北,CN-R-NC,华北,7730.17,1766.91,9497.08,14010.88,4513.8,37898.67,83.823,-9.983,2169.31,3875.15,财政部,2023-04-21,final
2023-01-01,2023,province,CN-SX,山西,CN-R-NC,华北,4425.28,923.84,5349.12,7261.58,1912.46,20581.85,81.649,-7.587,1051.89,1992.72,财政部,2023-04-21,final
2023-01-01,2023,province,CN-NM,内蒙古,CN-R-NC,华北,3233.11,475.69,3708.8,5184.94,1476.14,13931.7,81.986,-8.687,650.79,1240.8,财政部,2023-04-21,final
2023-01-01,2023,province,CN-LN,辽宁,CN-R-NE,东北,4706.75,1353.07,6059.82,7469.75,1409.93,22440.53,74.3,-4.668,1112.12,2805.7,财政部,2023-04-21,final
2023-01-01,2023,province,CN-JL,吉林,CN-R-NE,东北,1894.75,385.74,2280.49,2777.07,496.58,8975.62,77.12,-4.267,525.53,1273.16,财政部,2023-04-21,final
2023-01-01,2023,province,CN-HL,黑龙江,CN-R-NE,东北,2515.63,707.27,3222.9,3670.71,447.81,13144.07,79.749,-2.717,590.85,1226.61,财政部,2023-04-21,final
2023-01-01,2023,province,CN-SH,上海,CN-R-EC,华东,7128.49,2043.73,9172.22,10977.85,1805.63,35447.84,76.378,-3.891,1750.22,3102.24,财政部,2023-04-21,final
2023-01-01,2023,province,CN-JS,江苏,CN-R-EC,华东,18719.26,6154.39,24873.65,31780.96,6907.31,88282.81,67.837,-5.308,4752.58,7747.6,财政部,2023-04-21,final
2023-01-01,2023,province,CN-ZJ,浙江,CN-R-EC,华东,12929.34,3561.89,16491.23,19802.12,3310.89,56318.6,66.0,-3.88,1853.33,4976.95,财政部,2023-04-21,final
2023-01-01,2023,province,CN-AH,安徽,CN-R-EC,华东,6400.78,2618.64,9019.42,12048.25,3028.83,34534.02,72.832,-6.388,1520.93,3954.95,财政部,2023-04-21,final
2023-01-01,2023,province,CN-FJ,福建,CN-R-EC,华东,7123.34,3056.57,10179.91,12815.37,2635.46,36640.37,71.429,-5.138,1252.64,4132.03,财政部,2023-04-21,final
2023-01-01,2023,province,CN-JX,江西,CN-R-EC,华东,4579.26,1620.07,6199.33,7464.4,1265.07,22910.88,73.409,-4.053,1179.2,2767.6,财政部,2023-04-21,final
2023-01-01,2023,province,CN-SD,山东,CN-R-EC,华东,17295.45,5273.56,22569.01,29971.27,7402.26,83500.78,75.128,-6.66,3634.83,11218.89,财政部,2023-04-21,final
2023-01-01,2023,province,CN-HA,河南,CN-R-CC,华中,9896.03,2559.42,12455.45,15276.4,2820.95,53913.53,85.154,-4.456,2552.11,4023.7,财政部,2023-04-21,final
2023-01-01,2023,province,CN-HB,湖北,CN-R-CC,华中,9632.24,1811.41,11443.65,13565.44,2121.79,50000.51,88.748,-3.766,2045.04,4634.73,财政部,2023-04-21,final
2023-01-01,2023,province,CN-HN,湖南,CN-R-CC,华中,7532.67,2616.7,10149.37,13263.42,3114.05,37977.78,78.705,-6.454,2024.72,4351.44,财政部,2023-04-21,final
2023-01-01,2023,province,CN-GD,广东,CN-R-SC,华南,20858.57,5245.51,26104.08,34849.82,8745.74,102472.81,80.871,-6.902,6054.5,10142.93,财政部,2023-04-21,final
2023-01-01,2023,province,CN-GX,广西,CN-R-SC,华南,3808.37,1152.95,4961.32,6470.28,1508.96,19641.51,71.794,-5.516,1334.92,1908.28,财政部,2023-04-21,final
2023-01-01,2023,province,CN-HI,海南,CN-R-SC,华南,1170.26,326.62,1496.88,1875.23,378.35,6359.08,81.481,-4.848,321.44,599.96,财政部,2023-04-21,final
2023-01-01,2023,province,CN-CQ,重庆,CN-R-SW,西南,4592.79,1472.16,6064.95,7463.49,1398.54,24066.34,84.967,-4.938,1035.44,1786.18,财政部,2023-04-21,final
2023-01-01,2023,province,CN-SC,四川,CN-R-SW,西南,9958.02,2756.99,12715.01,16240.1,3525.09,58391.01,91.072,-5.498,1508.17,4095.69,财政部,2023-04-21,final
2023-01-01,2023,province,CN-GZ,贵州,CN-R-SW,西南,3901.04,1042.32,4943.36,6439.63,1496.27,22242.13,94.052,-6.327,852.12,1499.38,财政部,2023-04-21,final
2023-01-01,2023,province,CN-YN,云南,CN-R-SW,西南,4243.8,983.73,5227.53,6612.98,1385.45,21339.08,84.319,-5.474,917.82,1996.56,财政部,2023-04-21,final
2023-01-01,2023,province,CN-XZ,西藏,CN-R-SW,西南,442.12,138.19,580.31,749.51,169.2,2634.42,93.555,-6.009,93.73,250.27,财政部,2023-04-21,final
2023-01-01,2023,province,CN-SN,陕西,CN-R-NW,西北,5595.68,1443.94,7039.62,9203.9,2164.28,26909.18,77.119,-6.203,1082.17,2444.27,财政部,2023-04-21,final
2023-01-01,2023,province,CN-GS,甘肃,CN-R-NW,西北,1618.33,541.24,2159.57,2906.67,747.1,7668.21,68.216,-6.646,403.66,816.66,财政部,2023-04-21,final
2023-01-01,2023,province,CN-QH,青海,CN-R-NW,西北,702.66,263.57,966.23,1366.63,400.4,3523.0,70.096,-7.967,205.09,445.71,财政部,2023-04-21,final
2023-01-01,2023,province,CN-NX,宁夏,CN-R-NW,西北,960.47,358.6,1319.07,1938.56,619.49,4304.02,59.584,-8.576,268.32,651.85,财政部,2023-04-21,final
2023-01-01,2023,province,CN-XJ,新疆,CN-R-NW,西北,2619.83,773.6,3393.43,4899.97,1506.54,12145.83,72.97,-9.051,647.79,1436.89,财政部,2023-04-21,final
2024-01-01,2024,national,CN,中国,,,211654.52,45945.48,257600,332400,74800.0,1016000,76.795,-5.654,61861.71,69101.7,财政部,2024-04-20,final
2024-01-01,2024,region,CN-R-NC,华北,CN,中国,25724.98,5389.9,31114.88,42395.63,11280.75,130840.94,85.905,-7.406,7303.59,9936.68,财政部,2024-04-20,final
2024-01-01,2024,region,CN-R-NE,东北,CN,中国,10401.44,1888.2,12289.64,17207.21,4917.57,50229.69,82.891,-8.115,3750.52,3543.81,财政部,2024-04-20,final
2024-01-01,2024,region,CN-R-EC,华东,CN,中国,86211.21,16017.48,102228.69,127910.63,25681.94,378425.52,72.057,-4.89,19859.02,28910.26,财政部,2024-04-20,final
2024-01-01,2024,region,CN-R-CC,华中,CN,中国,27069.82,6975.55,34045.37,42359.04,8313.67,134711.12,77.51,-4.784,8151.94,7717.77,财政部,2024-04-20,final
2024-01-01,2024,region,CN-R-SC,华南,CN,中国,25571.2,8072.73,33643.93,43383.43,9739.5,137197.85,76.093,-5.402,8039.45,8048.42,财政部,2024-04-20,final
2024-01-01,2024,region,CN-R-SW,西南,CN,中国,24402.64,5002.68,29405.32,40517.26,11111.94,122391.57,78.626,-7.138,9958.13,7008.27,财政部,2024-04-20,final
2024-01-01,2024,region,CN-R-NW,西北,CN,中国,12273.23,2598.95,14872.18,18626.8,3754.62,62203.31,82.765,-4.996,4799.06,3936.5,财政部,2024-04-20,final
2024-01-01,2024,province,CN-BJ,北京,CN-R-NC,华北,7545.3,1981.43,9526.73,12644.4,3117.67,40084.72,86.002,-6.689,1743.48,2748.68,财政部,2024-04-20,final
2024-01-01,2024,province,CN-TJ,天津,CN-R-NC,华北,2938.7,680.01,3618.71,5003.93,1385.22,17229.46,99.28,-7.982,666.31,1054.03,财政部,2024-04-20,final
2024-01-01,2024,province,CN-HE,河北,CN-R-NC,华北,7833.96,1140.79,8974.75,12950.8,3976.05,35882.07,81.025,-8.978,2689.14,3433.88,财政部,2024-04-20,final
2024-01-01,2024,province,CN-SX,山西,CN-R-NC,华北,4254.0,1098.0,5352.0,6958.2,1606.2,23114.06,87.089,-6.052,1458.91,1716.69,财政部,2024-04-20,final
2024-01-01,2024,province,CN-NM,内蒙古,CN-R-NC,华北,3153.02,489.68,3642.7,4838.3,1195.6,14530.64,82.937,-6.824,745.75,983.41,财政部,2024-04-20,final
2024-01-01,2024,province,CN-LN,辽宁,CN-R-NE,东北,5657.65,846.95,6504.6,9526.96,3022.36,25118.19,78.901,-9.494,2092.15,1723.04,财政部,2024-04-20,final
2024-01-01,2024,province,CN-JL,吉林,CN-R-NE,东北,2005.67,451.05,2456.72,3327.75,871.03,10757.9,88.394,-7.157,928.63,889.87,财政部,2024-04-20,final
2024-01-01,2024,province,CN-HL,黑龙江,CN-R-NE,东北,2738.11,590.21,3328.32,4352.5,1024.18,14353.6,86.512,-6.173,729.74,930.9,财政部,2024-04-20,final
2024-01-01,2024,province,CN-SH,上海,CN-R-EC,华东,7491.37,1701.14,9192.51,11814.87,2622.36,33226.64,66.474,-5.246,1660.84,2797.75,财政部,2024-04-20,final
2024-01-01,2024,province,CN-JS,江苏,CN-R-EC,华东,22396.42,3550.56,25946.98,33419.62,7472.64,98619.24,72.645,-5.504,6016.13,7571.29,财政部,2024-04-20,final
2024-01-01,2024,province,CN-ZJ,浙江,CN-R-EC,华东,14499.42,2804.27,17303.69,21377.76,4074.07,64172.67,74.235,-4.713,3761.0,3941.27,财政部,2024-04-20,final
2024-01-01,2024,province,CN-AH,安徽,CN-R-EC,华东,7723.34,1914.22,9637.56,11939.52,2301.96,36710.01,72.075,-4.52,1455.06,2972.81,财政部,2024-04-20,final
2024-01-01,2024,province,CN-FJ,福建,CN-R-EC,华东,9139.12,1495.6,10634.72,13494.57,2859.85,37665.53,71.426,-5.423,2252.52,3316.4,财政部,2024-04-20,final
2024-01-01,2024,province,CN-JX,江西,CN-R-EC,华东,5380.07,907.02,6287.09,7963.98,1676.89,24165.45,71.629,-4.97,846.06,2173.34,财政部,2024-04-20,final
2024-01-01,2024,province,CN-SD,山东,CN-R-EC,华东,19581.47,3644.67,23226.14,27900.32,4674.18,83865.98,72.56,-4.044,3867.42,6137.39,财政部,2024-04-20,final
2024-01-01,2024,province,CN-HA,河南,CN-R-CC,华中,9458.88,2911.13,12370.01,15556.89,3186.88,48264.22,75.927,-5.013,3104.76,3072.54,财政部,2024-04-20,final
2024-01-01,2024,province,CN-HB,湖北,CN-R-CC,华中,9186.43,2321.26,11507.69,14580.3,3072.61,46643.85,78.278,-5.156,2642.1,2306.34,财政部,2024-04-20,final
2024-01-01,2024,province,CN-HN,湖南,CN-R-CC,华中,8424.51,1743.15,10167.66,12221.85,2054.19,39803.06,78.593,-4.056,2405.08,2338.89,财政部,2024-04-20,final
2024-01-01,2024,province,CN-GD,广东,CN-R-SC,华南,20733.31,6177.22,26910.53,34879.85,7969.32,109079.05,75.315,-5.502,5909.74,6730.31,财政部,2024-04-20,final
2024-01-01,2024,province,CN-GX,广西,CN-R-SC,华南,3644.51,1575.66,5220.17,6502.56,1282.39,22018.08,80.596,-4.694,1773.32,940.69,财政部,2024-04-20,final
2024-01-01,2024,province,CN-HI,海南,CN-R-SC,华南,1193.38,319.85,1513.23,2001.02,487.79,6100.72,74.823,-5.983,356.39,377.42,财政部,2024-04-20,final
2024-01-01,2024,province,CN-CQ,重庆,CN-R-SW,西南,5029.08,714.9,5743.98,8068.97,2324.99,24146.03,76.562,-7.372,1982.54,1345.88,财政部,2024-04-20,final
2024-01-01,2024,province,CN-SC,四川,CN-R-SW,西南,10323.69,2446.38,12770.07,17538.18,4768.11,54786.37,82.254,-7.159,4364.28,3188.13,财政部,2024-04-20,final
2024-01-01,2024,province,CN-GZ,贵州,CN-R-SW,西南,4239.19,583.62,4822.81,6552.21,1729.4,20332.39,79.399,-6.753,1788.44,1045.52,财政部,2024-04-20,final
2024-01-01,2024,province,CN-YN,云南,CN-R-SW,西南,4340.82,1152.2,5493.02,7548.77,2055.75,20969.29,72.69,-7.126,1625.89,1300.16,财政部,2024-04-20,final
2024-01-01,2024,province,CN-XZ,西藏,CN-R-SW,西南,469.86,105.58,575.44,809.13,233.69,2157.5,70.426,-7.628,196.97,128.58,财政部,2024-04-20,final
2024-01-01,2024,province,CN-SN,陕西,CN-R-NW,西北,5577.07,1344.0,6921.07,8811.53,1890.46,27298.86,75.637,-5.238,2182.34,2027.77,财政部,2024-04-20,final
2024-01-01,2024,province,CN-GS,甘肃,CN-R-NW,西北,1859.09,286.35,2145.44,2664.69,519.25,9588.59,87.074,-4.715,785.1,542.07,财政部,2024-04-20,final
2024-01-01,2024,province,CN-QH,青海,CN-R-NW,西北,839.06,130.75,969.81,1274.62,304.81,3730.52,72.534,-5.927,320.98,248.42,财政部,2024-04-20,final
2024-01-01,2024,province,CN-NX,宁夏,CN-R-NW,西北,1232.59,161.11,1393.7,1737.05,343.35,6283.06,94.207,-5.148,443.72,410.23,财政部,2024-04-20,final
2024-01-01,2024,province,CN-XJ,新疆,CN-R-NW,西北,2765.41,676.75,3442.16,4138.91,696.75,15302.28,94.227,-4.29,1066.91,708.02,财政部,2024-04-20,final
2025-01-01,2025,national,CN,中国,,,208880.25,53919.75,262800,339200,76400.0,1058000,76.225,-5.504,64377.14,95838.76,财政部,2025-04-21,preliminary
2025-01-01,2025,region,CN-R-NC,华北,CN,中国,24239.98,8069.77,32309.75,42403.53,10093.78,134134.57,80.366,-6.048,8621.41,10200.3,财政部,2025-04-21,preliminary
2025-01-01,2025,region,CN-R-NE,东北,CN,中国,10132.46,2043.43,12175.89,15414.84,3238.95,46892.46,70.612,-4.877,2353.36,4102.16,财政部,2025-04-21,preliminary
2025-01-01,2025,region,CN-R-EC,华东,CN,中国,87494.57,17777.28,105271.85,134629.96,29358.11,407516.91,75.753,-5.457,29417.94,34432.06,财政部,2025-04-21,preliminary
2025-01-01,2025,region,CN-R-CC,华中,CN,中国,26694.53,6701.46,33395.99,45148.88,11752.89,135609.32,71.79,-6.222,6855.74,13059.13,财政部,2025-04-21,preliminary
2025-01-01,2025,region,CN-R-SC,华南,CN,中国,25522.12,7737.81,33259.93,42266.78,9006.85,142428.28,78.406,-4.958,7312.73,12989.24,财政部,2025-04-21,preliminary
2025-01-01,2025,region,CN-R-SW,西南,CN,中国,23009.87,7912.0,30921.87,39697.84,8775.97,125200.15,76.026,-5.329,6530.04,15515.42,财政部,2025-04-21,preliminary
2025-01-01,2025,region,CN-R-NW,西北,CN,中国,11786.73,3677.99,15464.72,19638.18,4173.46,66218.31,81.25,-5.121,3285.93,5540.46,财政部,2025-04-21,preliminary
2025-01-01,2025,province,CN-BJ,北京,CN-R-NC,华北,7183.47,2523.14,9706.61,12514.56,2807.95,40204.59,79.85,-5.577,2435.33,2713.67,财政部,2025-04-21,preliminary
2025-01-01,2025,province,CN-TJ,天津,CN-R-NC,华北,2730.67,1021.63,3752.3,4829.78,1077.48,16471.45,83.219,-5.444,797.16,1211.19,财政部,2025-04-21,preliminary
2025-01-01,2025,province,CN-HE,河北,CN-R-NC,华北,7518.53,2148.61,9667.14,12801.03,3133.89,39646.15,81.648,-6.454,2839.84,3318.82,财政部,2025-04-21,preliminary
2025-01-01,2025,province,CN-SX,山西,CN-R-NC,华北,4123.87,1342.87,5466.74,7563.37,2096.63,23209.3,82.019,-7.409,1330.72,1884.27,财政部,2025-04-21,preliminary
2025-01-01,2025,province,CN-NM,内蒙古,CN-R-NC,华北,2683.45,1033.51,3716.96,4694.79,977.83,14603.07,73.358,-4.912,1218.37,1072.35,财政部,2025-04-21,preliminary
2025-01-01,2025,province,CN-LN,辽宁,CN-R-NE,东北,5531.74,838.26,6370.0,7850.78,1480.78,23996.09,69.077,-4.263,1123.82,2069.59,财政部,2025-04-21,preliminary
2025-01-01,2025,province,CN-JL,吉林,CN-R-NE,东北,1901.26,513.15,2414.41,2965.03,550.62,9981.1,75.807,-4.182,556.56,941.73,财政部,2025-04-21,preliminary
2025-01-01,2025,province,CN-HL,黑龙江,CN-R-NE,东北,2699.46,692.03,3391.49,4599.03,1207.54,12915.27,69.797,-6.526,672.98,1090.84,财政部,2025-04-21,preliminary
2025-01-01,2025,province,CN-SH,上海,CN-R-EC,华东,7922.52,1826.67,9749.19,12798.0,3048.81,37953.77,76.206,-6.122,3145.16,3977.48,财政部,2025-04-21,preliminary
2025-01-01,2025,province,CN-JS,江苏,CN-R-EC,华东,21182.89,5466.28,26649.17,34115.96,7466.79,110452.89,81.675,-5.521,6196.31,9057.73,财政部,2025-04-21,preliminary
2025-01-01,2025,province,CN-ZJ,浙江,CN-R-EC,华东,16040.11,2149.13,18189.24,22536.05,4346.81,65905.44,73.929,-4.876,6810.84,4674.96,财政部,2025-04-21,preliminary
2025-01-01,2025,province,CN-AH,安徽,CN-R-EC,华东,7956.38,1789.42,9745.8,13472.48,3726.68,35880.94,69.869,-7.257,2704.97,3278.12,财政部,2025-04-21,preliminary
2025-01-01,2025,province,CN-FJ,福建,CN-R-EC,华东,9077.56,1854.69,10932.25,13191.33,2259.08,39087.48,73.371,-4.241,3156.23,4102.6,财政部,2025-04-21,preliminary
2025-01-01,2025,province,CN-JX,江西,CN-R-EC,华东,5585.93,985.75,6571.68,8244.1,1672.42,27206.01,81.138,-4.988,1781.25,1735.72,财政部,2025-04-21,preliminary
2025-01-01,2025,province,CN-SD,山东,CN-R-EC,华东,19729.19,3705.31,23434.5,30272.04,6837.54,91030.4,72.47,-5.443,5623.17,7605.44,财政部,2025-04-21,preliminary
2025-01-01,2025,province,CN-HA,河南,CN-R-CC,华中,9753.3,2459.28,12212.58,16821.32,4608.74,53084.94,77.591,-6.736,2649.93,5533.15,财政部,2025-04-21,preliminary
2025-01-01,2025,province,CN-HB,湖北,CN-R-CC,华中,9206.28,2013.44,11219.72,14512.23,3292.51,40917.07,62.747,-5.049,2193.57,4256.13,财政部,2025-04-21,preliminary
2025-01-01,2025,province,CN-HN,湖南,CN-R-CC,华中,7734.95,2228.74,9963.69,13815.34,3851.65,41607.31,75.278,-6.969,2012.24,3269.85,财政部,2025-04-21,preliminary
2025-01-01,2025,province,CN-GD,广东,CN-R-SC,华南,20550.71,5940.06,26490.77,33865.49,7374.72,111307.18,76.754,-5.085,5875.62,10049.17,财政部,2025-04-21,preliminary
2025-01-01,2025,province,CN-GX,广西,CN-R-SC,华南,3823.95,1339.27,5163.22,6420.48,1257.26,23777.03,84.534,-4.47,966.94,2323.51,财政部,2025-04-21,preliminary
2025-01-01,2025,province,CN-HI,海南,CN-R-SC,华南,1147.46,458.48,1605.94,1980.8,374.86,7344.07,86.308,-4.405,470.18,616.56,财政部,2025-04-21,preliminary
2025-01-01,2025,province,CN-CQ,重庆,CN-R-SW,西南,4853.51,1370.37,6223.88,8359.77,2135.89,23535.84,70.115,-6.363,1330.07,3344.82,财政部,2025-04-21,preliminary
2025-01-01,2025,province,CN-SC,四川,CN-R-SW,西南,9549.07,3805.86,13354.93,17122.94,3768.01,55869.04,77.459,-5.224,3053.36,6806.4,财政部,2025-04-21,preliminary
2025-01-01,2025,province,CN-GZ,贵州,CN-R-SW,西南,4198.48,1117.74,5316.22,7079.65,1763.43,21734.17,81.275,-6.594,1088.34,2813.0,财政部,2025-04-21,preliminary
2025-01-01,2025,province,CN-YN,云南,CN-R-SW,西南,3931.27,1484.71,5415.98,6390.79,974.81,21802.5,75.138,-3.36,938.17,2180.92,财政部,2025-04-21,preliminary
2025-01-01,2025,province,CN-XZ,西藏,CN-R-SW,西南,477.54,133.32,610.86,744.69,133.83,2258.59,69.955,-4.145,120.1,370.29,财政部,2025-04-21,preliminary
2025-01-01,2025,province,CN-SN,陕西,CN-R-NW,西北,5631.01,1603.89,7234.9,9137.9,1903.0,32906.83,85.335,-4.935,1629.94,2204.37,财政部,2025-04-21,preliminary
2025-01-01,2025,province,CN-GS,甘肃,CN-R-NW,西北,1753.79,502.93,2256.72,2837.59,580.87,8637.27,75.537,-5.08,334.81,800.03,财政部,2025-04-21,preliminary
2025-01-01,2025,province,CN-QH,青海,CN-R-NW,西北,763.98,228.69,992.67,1194.05,201.38,3948.49,72.948,-3.72,211.65,374.56,财政部,2025-04-21,preliminary
2025-01-01,2025,province,CN-NX,宁夏,CN-R-NW,西北,997.19,389.52,1386.71,1869.08,482.37,5394.89,72.819,-6.511,212.74,436.16,财政部,2025-04-21,preliminary
2025-01-01,2025,province,CN-XJ,新疆,CN-R-NW,西北,2640.77,952.96,3593.73,4599.56,1005.83,15330.83,82.064,-5.384,896.78,1725.34,财政部,2025-04-21,preliminary
