ref_date,year,geo_level,geo_code,geo_name,parent_geo_code,parent_geo_name,gdp_100m_cny,gdp_growth_pct,gdp_per_capita_cny,population_10k,gdp_share_pct,primary_share_pct,secondary_share_pct,tertiary_share_pct,industry_value_added_100m_cny,services_value_added_100m_cny,source_org,release_date,data_status
2016-01-01,2016,national,CN,中国,,,744127.0,4.531,52700.21,141200,100.0,10.179,30.284,59.537,225351.42,443030.89,国家统计局,2016-04-20,final
2016-01-01,2016,region,CN-R-NC,华北,CN,中国,90436.18,4.493,52894.17,17097.57,12.153,4.383,30.89,64.727,27935.74,58536.63,国家统计局,2016-04-20,final
2016-01-01,2016,region,CN-R-NE,东北,CN,中国,34033.04,4.906,50924.87,6682.99,4.574,8.589,39.46,51.951,13429.44,17680.5,国家统计局,2016-04-20,final
2016-01-01,2016,region,CN-R-EC,华东,CN,中国,299845.16,4.229,53984.61,55542.71,40.295,6.985,42.613,50.402,127773.02,151127.96,国家统计局,2016-04-20,final
2016-01-01,2016,region,CN-R-CC,华中,CN,中国,95202.26,4.045,51413.52,18516.97,12.794,7.464,40.669,51.867,38717.81,49378.56,国家统计局,2016-04-20,final
2016-01-01,2016,region,CN-R-SC,华南,CN,中国,95065.23,5.697,50443.91,18845.73,12.775,12.395,37.014,50.591,35187.44,48094.45,国家统计局,2016-04-20,final
2016-01-01,2016,region,CN-R-SW,西南,CN,中国,87142.25,4.905,53640.03,16245.75,11.711,3.769,30.243,65.988,26354.43,57503.43,国家统计局,2016-04-20,final
2016-01-01,2016,region,CN-R-NW,西北,CN,中国,42402.87,4.897,51283.72,8268.29,5.698,8.08,42.614,49.306,18069.56,20907.16,国家统计局,2016-04-20,final
2016-01-01,2016,province,CN-BJ,北京,CN-R-NC,华北,26590.91,5.038,53123.07,5005.53,3.573,6.005,34.724,59.271,9233.43,15760.7,国家统计局,2016-04-20,final
2016-01-01,2016,province,CN-TJ,天津,CN-R-NC,华北,10918.11,4.245,55259.75,1975.78,1.467,3.162,32.659,64.179,3565.75,7007.13,国家统计局,2016-04-20,final
2016-01-01,2016,province,CN-HE,河北,CN-R-NC,华北,27340.0,5.316,52933.1,5165.01,3.674,11.118,42.1,46.782,11510.14,12790.2,国家统计局,2016-04-20,final
2016-01-01,2016,province,CN-SX,山西,CN-R-NC,华北,15090.77,4.992,51325.13,2940.23,2.028,3.408,38.062,58.53,5743.85,8832.63,国家统计局,2016-04-20,final
2016-01-01,2016,province,CN-NM,内蒙古,CN-R-NC,华北,10496.39,4.094,52194.36,2011.02,1.411,6.23,45.292,48.478,4754.02,5088.44,国家统计局,2016-04-20,final
2016-01-01,2016,province,CN-LN,辽宁,CN-R-NE,东北,17422.97,5.559,51256.69,3399.16,2.341,11.218,33.838,54.944,5895.58,9572.88,国家统计局,2016-04-20,final
2016-01-01,2016,province,CN-JL,吉林,CN-R-NE,东北,6930.16,3.933,51907.42,1335.1,0.931,9.684,38.287,52.029,2653.35,3605.69,国家统计局,2016-04-20,final
2016-01-01,2016,province,CN-HL,黑龙江,CN-R-NE,东北,9679.91,5.762,49672.66,1948.74,1.301,11.102,35.519,53.379,3438.21,5167.04,国家统计局,2016-04-20,final
2016-01-01,2016,province,CN-SH,上海,CN-R-EC,华东,27779.25,5.193,54693.25,5079.1,3.733,4.439,30.851,64.71,8570.18,17975.95,国家统计局,2016-04-20,final
2016-01-01,2016,province,CN-JS,江苏,CN-R-EC,华东,74627.95,5.27,52985.01,14084.73,10.029,12.53,32.851,54.619,24516.03,40761.04,国家统计局,2016-04-20,final
2016-01-01,2016,province,CN-ZJ,浙江,CN-R-EC,华东,50019.0,3.935,51659.07,9682.52,6.722,3.855,34.385,61.76,17199.03,30891.73,国家统计局,2016-04-20,final
2016-01-01,2016,province,CN-AH,安徽,CN-R-EC,华东,28752.47,5.359,54486.08,5277.03,3.864,8.757,38.819,52.424,11161.42,15073.19,国家统计局,2016-04-20,final
2016-01-01,2016,province,CN-FJ,福建,CN-R-EC,华东,29879.83,5.234,53859.27,5547.76,4.015,9.478,42.232,48.29,12618.85,14428.97,国家统计局,2016-04-20,final
2016-01-01,2016,province,CN-JX,江西,CN-R-EC,华东,18562.88,4.685,53805.29,3450.01,2.495,7.09,43.693,49.217,8110.68,9136.09,国家统计局,2016-04-20,final
2016-01-01,2016,province,CN-SD,山东,CN-R-EC,华东,70223.78,5.218,56533.74,12421.57,9.437,11.418,31.984,56.598,22460.37,39745.26,国家统计局,2016-04-20,final
2016-01-01,2016,province,CN-HA,河南,CN-R-CC,华中,35301.21,5.611,52459.51,6729.23,4.744,7.31,39.403,53.287,13909.74,18810.96,国家统计局,2016-04-20,final
2016-01-01,2016,province,CN-HB,湖北,CN-R-CC,华中,31114.0,3.946,49130.19,6332.97,4.181,6.457,43.224,50.319,13448.72,15656.25,国家统计局,2016-04-20,final
2016-01-01,2016,province,CN-HN,湖南,CN-R-CC,华中,28787.05,5.106,52774.09,5454.77,3.869,10.478,33.964,55.558,9777.23,15993.51,国家统计局,2016-04-20,final
2016-01-01,2016,province,CN-GD,广东,CN-R-SC,华南,75841.01,3.942,50983.36,14875.64,10.192,4.592,33.613,61.795,25492.44,46865.95,国家统计局,2016-04-20,final
2016-01-01,2016,province,CN-GX,广西,CN-R-SC,华南,14693.85,4.219,47612.7,3086.12,1.975,6.895,30.414,62.691,4468.99,9211.72,国家统计局,2016-04-20,final
2016-01-01,2016,province,CN-HI,海南,CN-R-SC,华南,4530.37,4.637,51250.27,883.97,0.609,12.148,39.287,48.565,1779.85,2200.17,国家统计局,2016-04-20,final
2016-01-01,2016,province,CN-CQ,重庆,CN-R-SW,西南,17657.74,4.46,54734.69,3226.06,2.373,9.6,38.318,52.082,6766.09,9196.5,国家统计局,2016-04-20,final
2016-01-01,2016,province,CN-SC,四川,CN-R-SW,西南,37017.08,4.23,52517.74,7048.49,4.975,3.17,38.462,58.368,14237.51,21606.13,国家统计局,2016-04-20,final
2016-01-01,2016,province,CN-GZ,贵州,CN-R-SW,西南,14492.78,4.637,54450.77,2661.63,1.948,9.943,32.994,57.063,4781.75,8270.02,国家统计局,2016-04-20,final
2016-01-01,2016,province,CN-YN,云南,CN-R-SW,西南,16250.13,5.578,54549.86,2978.95,2.184,8.167,35.266,56.567,5730.77,9192.21,国家统计局,2016-04-20,final
2016-01-01,2016,province,CN-XZ,西藏,CN-R-SW,西南,1724.52,4.637,52160.18,330.62,0.232,6.346,30.749,62.905,530.27,1084.81,国家统计局,2016-04-20,final
2016-01-01,2016,province,CN-SN,陕西,CN-R-NW,西北,20561.31,4.629,52536.76,3913.7,2.763,6.047,42.774,51.179,8794.89,10523.07,国家统计局,2016-04-20,final
2016-01-01,2016,province,CN-GS,甘肃,CN-R-NW,西北,5960.16,5.506,50369.39,1183.29,0.801,4.067,38.875,57.058,2317.01,3400.75,国家统计局,2016-04-20,final
2016-01-01,2016,province,CN-QH,青海,CN-R-NW,西北,2741.48,3.952,50677.12,540.97,0.368,6.251,41.955,51.794,1150.19,1419.92,国家统计局,2016-04-20,final
2016-01-01,2016,province,CN-NX,宁夏,CN-R-NW,西北,3992.01,5.704,53508.61,746.05,0.536,9.573,43.406,47.021,1732.77,1877.08,国家统计局,2016-04-20,final
2016-01-01,2016,province,CN-XJ,新疆,CN-R-NW,西北,9147.9,4.029,48548.77,1884.27,1.229,10.03,40.795,49.175,3731.89,4498.48,国家统计局,2016-04-20,final
2016-01-01,2016,city,CN-GZ-GZ,广州,CN-GD,广东,14575.28,4.706,56170.46,2594.83,1.959,9.962,30.251,59.787,4409.17,8714.12,国家统计局,2016-04-20,final
2016-01-01,2016,city,CN-GD-SZ,深圳,CN-GD,广东,17013.04,4.241,52271.26,3254.76,2.286,5.566,41.327,53.107,7030.98,9035.12,国家统计局,2016-04-20,final
2016-01-01,2016,city,CN-ZJ-HZ,杭州,CN-ZJ,浙江,10686.63,4.96,53616.52,1993.16,1.436,9.897,44.774,45.329,4784.83,4844.14,国家统计局,2016-04-20,final
2016-01-01,2016,city,CN-JS-NJ,南京,CN-JS,江苏,11432.26,5.257,53260.25,2146.49,1.536,8.546,40.661,50.793,4648.47,5806.79,国家统计局,2016-04-20,final
2016-01-01,2016,city,CN-HB-WH,武汉,CN-HB,湖北,8189.16,5.163,53144.27,1540.93,1.101,11.562,30.375,58.063,2487.46,4754.87,国家统计局,2016-04-20,final
2016-01-01,2016,city,CN-SC-CD,成都,CN-SC,四川,9341.99,4.127,54368.9,1718.26,1.255,3.863,32.607,63.53,3046.14,5934.97,国家统计局,2016-04-20,final
2016-01-01,2016,city,CN-SN-XA,西安,CN-SN,陕西,4842.31,4.874,54949.45,881.23,0.651,5.074,37.773,57.153,1829.09,2767.53,国家统计局,2016-04-20,final
2016-01-01,2016,city,CN-JS-SZ,苏州,CN-JS,江苏,16203.55,4.136,51982.27,3117.13,2.178,3.985,36.068,59.947,5844.3,9713.54,国家统计局,2016-04-20,final
2016-01-01,2016,city,CN-SD-QD,青岛,CN-SD,山东,10590.93,4.578,52486.99,2017.82,1.423,9.336,44.629,46.035,4726.63,4875.53,国家统计局,2016-04-20,final
2016-01-01,2016,city,CN-ZJ-NB,宁波,CN-ZJ,浙江,7189.31,4.469,54061.06,1329.85,0.966,12.257,37.837,49.906,2720.22,3587.9,国家统计局,2016-04-20,final
2017-01-01,2017,national,CN,中国,,,832036.0,5.507,58901.03,141260,100.0,3.625,41.68,54.695,346792.6,455082.09,国家统计局,2017-04-21,final
2017-01-01,2017,region,CN-R-NC,华北,CN,中国,96941.86,5.674,58004.32,16712.87,11.651,9.363,37.577,53.06,36427.84,51437.35,国家统计局,2017-04-21,final
2017-01-01,2017,region,CN-R-NE,东北,CN,中国,38686.22,5.859,60003.85,6447.29,4.65,10.91,32.252,56.838,12477.08,21988.47,国家统计局,2017-04-21,final
2017-01-01,2017,region,CN-R-EC,华东,CN,中国,336017.16,5.056,60690.99,55365.25,40.385,6.122,35.714,58.164,120005.17,195441.02,国家统计局,2017-04-21,final
2017-01-01,2017,region,CN-R-CC,华中,CN,中国,110784.19,5.903,60622.12,18274.55,13.315,7.552,32.704,59.744,36230.86,66186.91,国家统计局,2017-04-21,final
2017-01-01,2017,region,CN-R-SC,华南,CN,中国,104489.06,4.368,54006.02,19347.67,12.558,7.648,42.622,49.73,44535.33,51962.41,国家统计局,2017-04-21,final
2017-01-01,2017,region,CN-R-SW,西南,CN,中国,96617.85,5.898,57061.2,16932.32,11.612,10.983,35.033,53.984,33848.13,52158.18,国家统计局,2017-04-21,final
2017-01-01,2017,region,CN-R-NW,西北,CN,中国,48499.65,5.81,59290.24,8180.04,5.829,12.261,37.502,50.237,18188.34,24364.77,国家统计局,2017-04-21,final
2017-01-01,2017,province,CN-BJ,北京,CN-R-NC,华北,29479.04,5.842,59477.44,4956.34,3.543,4.697,34.372,60.931,10132.54,17961.87,国家统计局,2017-04-21,final
2017-01-01,2017,province,CN-TJ,天津,CN-R-NC,华北,11230.73,4.617,56044.36,2003.9,1.35,3.645,43.08,53.275,4838.2,5983.17,国家统计局,2017-04-21,final
2017-01-01,2017,province,CN-HE,河北,CN-R-NC,华北,28445.95,4.856,57541.66,4943.54,3.419,11.93,30.687,57.383,8729.21,16323.14,国家统计局,2017-04-21,final
2017-01-01,2017,province,CN-SX,山西,CN-R-NC,华北,16837.82,4.754,59402.72,2834.52,2.024,6.766,35.041,58.193,5900.14,9798.43,国家统计局,2017-04-21,final
2017-01-01,2017,province,CN-NM,内蒙古,CN-R-NC,华北,10948.32,6.148,55446.88,1974.56,1.316,5.01,37.3,57.69,4083.72,6316.09,国家统计局,2017-04-21,final
2017-01-01,2017,province,CN-LN,辽宁,CN-R-NE,东北,19985.15,6.011,60326.15,3312.85,2.402,4.999,36.936,58.065,7381.72,11604.38,国家统计局,2017-04-21,final
2017-01-01,2017,province,CN-JL,吉林,CN-R-NE,东北,7886.17,5.68,61916.42,1273.68,0.948,11.882,45.027,43.091,3550.91,3398.23,国家统计局,2017-04-21,final
2017-01-01,2017,province,CN-HL,黑龙江,CN-R-NE,东北,10814.9,4.905,58120.56,1860.77,1.3,4.39,38.059,57.551,4116.04,6224.08,国家统计局,2017-04-21,final
2017-01-01,2017,province,CN-SH,上海,CN-R-EC,华东,30234.79,4.925,58548.03,5164.1,3.634,5.162,44.304,50.534,13395.22,15278.85,国家统计局,2017-04-21,final
2017-01-01,2017,province,CN-JS,江苏,CN-R-EC,华东,86055.99,5.354,61594.92,13971.28,10.343,8.333,41.306,50.361,35546.29,43338.66,国家统计局,2017-04-21,final
2017-01-01,2017,province,CN-ZJ,浙江,CN-R-EC,华东,59335.56,5.403,61948.29,9578.24,7.131,11.584,41.49,46.926,24618.32,27843.8,国家统计局,2017-04-21,final
2017-01-01,2017,province,CN-AH,安徽,CN-R-EC,华东,32316.31,5.818,61066.81,5291.96,3.884,5.141,36.652,58.207,11844.57,18810.35,国家统计局,2017-04-21,final
2017-01-01,2017,province,CN-FJ,福建,CN-R-EC,华东,34249.86,5.857,63211.1,5418.33,4.116,4.661,39.411,55.928,13498.21,19155.26,国家统计局,2017-04-21,final
2017-01-01,2017,province,CN-JX,江西,CN-R-EC,华东,20411.83,5.976,59620.95,3423.6,2.453,9.976,39.675,50.349,8098.39,10277.15,国家统计局,2017-04-21,final
2017-01-01,2017,province,CN-SD,山东,CN-R-EC,华东,73412.83,4.294,58647.03,12517.74,8.823,6.457,33.299,60.244,24445.74,44226.83,国家统计局,2017-04-21,final
2017-01-01,2017,province,CN-HA,河南,CN-R-CC,华中,39949.38,6.16,59474.5,6717.06,4.801,8.668,29.948,61.384,11964.04,24522.53,国家统计局,2017-04-21,final
2017-01-01,2017,province,CN-HB,湖北,CN-R-CC,华中,37166.39,5.476,60458.03,6147.47,4.467,12.219,42.005,45.776,15611.74,17013.29,国家统计局,2017-04-21,final
2017-01-01,2017,province,CN-HN,湖南,CN-R-CC,华中,33668.42,4.721,62233.45,5410.02,4.047,6.968,33.294,59.738,11209.56,20112.84,国家统计局,2017-04-21,final
2017-01-01,2017,province,CN-GD,广东,CN-R-SC,华南,82917.0,5.934,54518.74,15208.9,9.966,10.56,43.474,45.966,36047.34,38113.63,国家统计局,2017-04-21,final
2017-01-01,2017,province,CN-GX,广西,CN-R-SC,华南,16697.83,5.013,52257.96,3195.27,2.007,6.811,32.185,61.004,5374.2,10186.34,国家统计局,2017-04-21,final
2017-01-01,2017,province,CN-HI,海南,CN-R-SC,华南,4874.23,5.348,51661.16,943.5,0.586,6.829,42.269,50.902,2060.29,2481.08,国家统计局,2017-04-21,final
2017-01-01,2017,province,CN-CQ,重庆,CN-R-SW,西南,19638.19,5.497,57515.95,3414.39,2.36,6.9,38.561,54.539,7572.68,10710.47,国家统计局,2017-04-21,final
2017-01-01,2017,province,CN-SC,四川,CN-R-SW,西南,40466.62,4.564,54481.2,7427.63,4.864,10.59,42.244,47.166,17094.72,19086.49,国家统计局,2017-04-21,final
2017-01-01,2017,province,CN-GZ,贵州,CN-R-SW,西南,16689.55,4.868,59055.89,2826.06,2.006,11.235,36.629,52.136,6113.22,8701.26,国家统计局,2017-04-21,final
2017-01-01,2017,province,CN-YN,云南,CN-R-SW,西南,17956.93,5.062,61327.06,2928.06,2.158,4.107,33.444,62.449,6005.52,11213.92,国家统计局,2017-04-21,final
2017-01-01,2017,province,CN-XZ,西藏,CN-R-SW,西南,1866.56,5.433,55520.99,336.19,0.224,4.901,35.289,59.81,658.69,1116.39,国家统计局,2017-04-21,final
2017-01-01,2017,province,CN-SN,陕西,CN-R-NW,西北,23079.85,4.446,58586.03,3939.48,2.774,12.589,30.85,56.561,7120.13,13054.19,国家统计局,2017-04-21,final
2017-01-01,2017,province,CN-GS,甘肃,CN-R-NW,西北,7142.16,5.153,61197.36,1167.07,0.858,8.819,32.176,59.005,2298.06,4214.23,国家统计局,2017-04-21,final
2017-01-01,2017,province,CN-QH,青海,CN-R-NW,西北,3065.93,5.532,57451.0,533.66,0.368,6.917,38.912,54.171,1193.01,1660.84,国家统计局,2017-04-21,final
2017-01-01,2017,province,CN-NX,宁夏,CN-R-NW,西北,4252.32,6.17,57852.33,735.03,0.511,6.859,31.781,61.36,1351.43,2609.22,国家统计局,2017-04-21,final
2017-01-01,2017,province,CN-XJ,新疆,CN-R-NW,西北,10959.39,4.487,60723.91,1804.79,1.317,7.876,39.341,52.783,4311.53,5784.69,国家统计局,2017-04-21,final
2017-01-01,2017,city,CN-GZ-GZ,广州,CN-GD,广东,15800.1,5.65,59296.55,2664.59,1.899,4.659,36.083,59.258,5701.15,9362.82,国家统计局,2017-04-21,final
2017-01-01,2017,city,CN-GD-SZ,深圳,CN-GD,广东,19801.14,5.938,61731.76,3207.61,2.38,5.048,31.748,63.204,6286.47,12515.11,国家统计局,2017-04-21,final
2017-01-01,2017,city,CN-ZJ-HZ,杭州,CN-ZJ,浙江,12141.51,5.375,61357.32,1978.82,1.459,7.743,43.872,48.385,5326.72,5874.67,国家统计局,2017-04-21,final
2017-01-01,2017,city,CN-JS-NJ,南京,CN-JS,江苏,12166.99,4.97,56345.09,2159.37,1.462,4.842,34.852,60.306,4240.44,7337.42,国家统计局,2017-04-21,final
2017-01-01,2017,city,CN-HB-WH,武汉,CN-HB,湖北,8742.29,5.615,58489.38,1494.68,1.051,12.242,31.758,56.0,2776.38,4895.68,国家统计局,2017-04-21,final
2017-01-01,2017,city,CN-SC-CD,成都,CN-SC,四川,10400.39,5.469,61592.89,1688.57,1.25,8.384,41.331,50.285,4298.59,5229.84,国家统计局,2017-04-21,final
2017-01-01,2017,city,CN-SN-XA,西安,CN-SN,陕西,5465.02,4.632,58800.33,929.42,0.657,11.136,43.223,45.641,2362.15,2494.29,国家统计局,2017-04-21,final
2017-01-01,2017,city,CN-JS-SZ,苏州,CN-JS,江苏,17801.39,5.417,56822.62,3132.8,2.139,6.448,35.455,58.097,6311.48,10342.07,国家统计局,2017-04-21,final
2017-01-01,2017,city,CN-SD-QD,青岛,CN-SD,山东,11956.41,5.227,59522.83,2008.71,1.437,4.904,38.426,56.67,4594.37,6775.7,国家统计局,2017-04-21,final
2017-01-01,2017,city,CN-ZJ-NB,宁波,CN-ZJ,浙江,8160.19,4.472,60758.19,1343.06,0.981,12.331,41.021,46.648,3347.39,3806.57,国家统计局,2017-04-21,final
2018-01-01,2018,national,CN,中国,,,919281.0,5.041,65072.63,141270,100.0,6.272,32.402,61.326,297865.43,563758.27,国家统计局,2018-04-21,final
2018-01-01,2018,region,CN-R-NC,华北,CN,中国,114611.93,5.684,65878.09,17397.58,12.468,5.196,30.087,64.717,34483.29,74173.4,国家统计局,2018-04-21,final
2018-01-01,2018,region,CN-R-NE,东北,CN,中国,43082.25,6.098,65507.6,6576.68,4.687,10.49,32.548,56.962,14022.41,24540.51,国家统计局,2018-04-21,final
2018-01-01,2018,region,CN-R-EC,华东,CN,中国,355739.24,6.08,64519.69,55136.54,38.698,6.185,31.641,62.174,112559.45,221177.32,国家统计局,2018-04-21,final
2018-01-01,2018,region,CN-R-CC,华中,CN,中国,120518.25,5.089,64126.8,18793.74,13.11,6.291,39.1,54.609,47122.64,65813.81,国家统计局,2018-04-21,final
2018-01-01,2018,region,CN-R-SC,华南,CN,中国,125742.01,4.639,67968.1,18500.15,13.678,5.12,42.239,52.641,53112.17,66191.85,国家统计局,2018-04-21,final
2018-01-01,2018,region,CN-R-SW,西南,CN,中国,104657.88,5.503,62792.38,16667.29,11.385,5.715,42.24,52.045,44207.49,54469.19,国家统计局,2018-04-21,final
2018-01-01,2018,region,CN-R-NW,西北,CN,中国,54929.44,5.636,67003.38,8198.01,5.975,11.117,37.952,50.931,20846.82,27976.11,国家统计局,2018-04-21,final
2018-01-01,2018,province,CN-BJ,北京,CN-R-NC,华北,34406.11,5.504,65198.16,5277.16,3.743,9.624,40.288,50.088,13861.53,17233.33,国家统计局,2018-04-21,final
2018-01-01,2018,province,CN-TJ,天津,CN-R-NC,华北,13554.53,4.756,67763.16,2000.28,1.474,3.963,42.893,53.144,5813.94,7203.42,国家统计局,2018-04-21,final
2018-01-01,2018,province,CN-HE,河北,CN-R-NC,华北,33303.17,5.043,64589.97,5156.09,3.623,9.591,37.494,52.915,12486.69,17622.37,国家统计局,2018-04-21,final
2018-01-01,2018,province,CN-SX,山西,CN-R-NC,华北,19437.57,6.001,66477.55,2923.93,2.114,11.822,37.737,50.441,7335.16,9804.5,国家统计局,2018-04-21,final
2018-01-01,2018,province,CN-NM,内蒙古,CN-R-NC,华北,13910.55,5.131,68184.63,2040.13,1.513,9.16,44.874,45.966,6242.22,6394.12,国家统计局,2018-04-21,final
2018-01-01,2018,province,CN-LN,辽宁,CN-R-NE,东北,22674.87,6.301,67536.19,3357.44,2.467,5.735,39.101,55.164,8866.1,12508.37,国家统计局,2018-04-21,final
2018-01-01,2018,province,CN-JL,吉林,CN-R-NE,东北,8745.58,4.991,64766.24,1350.33,0.951,10.859,43.722,45.419,3823.74,3972.15,国家统计局,2018-04-21,final
2018-01-01,2018,province,CN-HL,黑龙江,CN-R-NE,东北,11661.8,4.62,62399.27,1868.9,1.269,11.335,39.912,48.753,4654.46,5685.48,国家统计局,2018-04-21,final
2018-01-01,2018,province,CN-SH,上海,CN-R-EC,华东,33344.69,6.409,64531.07,5167.23,3.627,11.18,35.504,53.316,11838.7,17778.05,国家统计局,2018-04-21,final
2018-01-01,2018,province,CN-JS,江苏,CN-R-EC,华东,91280.07,5.738,66669.59,13691.41,9.93,4.888,30.542,64.57,27878.76,58939.54,国家统计局,2018-04-21,final
2018-01-01,2018,province,CN-ZJ,浙江,CN-R-EC,华东,59327.12,5.285,62552.98,9484.3,6.454,3.988,42.996,53.016,25508.29,31452.87,国家统计局,2018-04-21,final
2018-01-01,2018,province,CN-AH,安徽,CN-R-EC,华东,33784.71,6.319,63797.7,5295.6,3.675,10.002,42.111,47.887,14227.08,16178.48,国家统计局,2018-04-21,final
2018-01-01,2018,province,CN-FJ,福建,CN-R-EC,华东,36707.19,5.652,65256.53,5625.06,3.993,6.937,44.867,48.196,16469.41,17691.4,国家统计局,2018-04-21,final
2018-01-01,2018,province,CN-JX,江西,CN-R-EC,华东,22923.02,6.037,65865.45,3480.28,2.494,8.723,44.476,46.801,10195.24,10728.2,国家统计局,2018-04-21,final
2018-01-01,2018,province,CN-SD,山东,CN-R-EC,华东,78372.44,4.842,63241.02,12392.66,8.525,8.121,45.137,46.742,35374.97,36632.85,国家统计局,2018-04-21,final
2018-01-01,2018,province,CN-HA,河南,CN-R-CC,华中,43616.65,5.542,63132.57,6908.74,4.745,9.652,30.251,60.097,13194.47,26212.3,国家统计局,2018-04-21,final
2018-01-01,2018,province,CN-HB,湖北,CN-R-CC,华中,41378.67,6.275,63733.42,6492.46,4.501,5.291,35.624,59.085,14740.74,24448.59,国家统计局,2018-04-21,final
2018-01-01,2018,province,CN-HN,湖南,CN-R-CC,华中,35522.93,4.607,65874.21,5392.54,3.864,7.908,43.073,49.019,15300.79,17412.99,国家统计局,2018-04-21,final
2018-01-01,2018,province,CN-GD,广东,CN-R-SC,华南,100313.57,4.538,68366.79,14672.85,10.912,5.584,40.706,53.71,40833.64,53878.42,国家统计局,2018-04-21,final
2018-01-01,2018,province,CN-GX,广西,CN-R-SC,华南,19805.34,5.836,66995.26,2956.23,2.154,11.054,32.172,56.774,6371.77,11244.28,国家统计局,2018-04-21,final
2018-01-01,2018,province,CN-HI,海南,CN-R-SC,华南,5623.1,6.182,64553.94,871.07,0.612,11.62,39.732,48.648,2234.17,2735.53,国家统计局,2018-04-21,final
2018-01-01,2018,province,CN-CQ,重庆,CN-R-SW,西南,20621.65,5.4,61214.55,3368.75,2.243,5.604,31.201,63.195,6434.16,13031.85,国家统计局,2018-04-21,final
2018-01-01,2018,province,CN-SC,四川,CN-R-SW,西南,46560.78,4.936,64930.45,7170.87,5.065,4.338,33.576,62.086,15633.25,28907.73,国家统计局,2018-04-21,final
2018-01-01,2018,province,CN-GZ,贵州,CN-R-SW,西南,17071.28,5.649,60409.85,2825.91,1.857,3.501,31.672,64.827,5406.82,11066.8,国家统计局,2018-04-21,final
2018-01-01,2018,province,CN-YN,云南,CN-R-SW,西南,18357.09,5.562,61696.83,2975.37,1.997,4.355,38.443,57.202,7057.02,10500.62,国家统计局,2018-04-21,final
2018-01-01,2018,province,CN-XZ,西藏,CN-R-SW,西南,2047.08,5.736,62718.83,326.39,0.223,6.362,36.822,56.816,753.78,1163.07,国家统计局,2018-04-21,final
2018-01-01,2018,province,CN-SN,陕西,CN-R-NW,西北,25352.17,4.817,65579.81,3865.85,2.758,5.249,34.413,60.338,8724.44,15296.99,国家统计局,2018-04-21,final
2018-01-01,2018,province,CN-GS,甘肃,CN-R-NW,西北,8075.86,6.357,66353.3,1217.1,0.878,9.859,43.405,46.736,3505.33,3774.33,国家统计局,2018-04-21,final
2018-01-01,2018,province,CN-QH,青海,CN-R-NW,西北,3769.49,5.864,70953.77,531.26,0.41,9.3,41.814,48.886,1576.17,1842.75,国家统计局,2018-04-21,final
2018-01-01,2018,province,CN-NX,宁夏,CN-R-NW,西北,4929.55,5.188,66412.71,742.26,0.536,8.522,29.88,61.598,1472.95,3036.5,国家统计局,2018-04-21,final
2018-01-01,2018,province,CN-XJ,新疆,CN-R-NW,西北,12802.36,4.604,69519.86,1841.54,1.393,12.299,34.727,52.974,4445.88,6781.92,国家统计局,2018-04-21,final
2018-01-01,2018,city,CN-GZ-GZ,广州,CN-GD,广东,16874.03,5.23,63929.86,2639.46,1.836,12.171,34.783,53.046,5869.29,8951.0,国家统计局,2018-04-21,final
2018-01-01,2018,city,CN-GD-SZ,深圳,CN-GD,广东,20497.75,5.889,63380.86,3234.06,2.23,4.222,45.143,50.635,9253.3,10379.04,国家统计局,2018-04-21,final
2018-01-01,2018,city,CN-ZJ-HZ,杭州,CN-ZJ,浙江,13090.65,5.782,64292.77,2036.1,1.424,11.389,37.473,51.138,4905.46,6694.3,国家统计局,2018-04-21,final
2018-01-01,2018,city,CN-JS-NJ,南京,CN-JS,江苏,14214.13,4.857,66102.09,2150.33,1.546,7.442,32.141,60.417,4568.56,8587.75,国家统计局,2018-04-21,final
2018-01-01,2018,city,CN-HB-WH,武汉,CN-HB,湖北,9866.95,4.923,64369.54,1532.86,1.073,11.606,29.747,58.647,2935.12,5786.67,国家统计局,2018-04-21,final
2018-01-01,2018,city,CN-SC-CD,成都,CN-SC,四川,10976.72,5.519,65242.47,1682.45,1.194,8.104,42.517,49.379,4666.97,5420.19,国家统计局,2018-04-21,final
2018-01-01,2018,city,CN-SN-XA,西安,CN-SN,陕西,5815.09,4.725,62695.71,927.51,0.633,5.862,33.71,60.428,1960.27,3513.94,国家统计局,2018-04-21,final
2018-01-01,2018,city,CN-JS-SZ,苏州,CN-JS,江苏,20139.57,5.961,65090.24,3094.1,2.191,4.27,30.271,65.459,6096.45,13183.16,国家统计局,2018-04-21,final
2018-01-01,2018,city,CN-SD-QD,青岛,CN-SD,山东,12790.31,6.361,62246.01,2054.8,1.391,3.275,35.528,61.197,4544.14,7827.29,国家统计局,2018-04-21,final
2018-01-01,2018,city,CN-ZJ-NB,宁波,CN-ZJ,浙江,8468.82,4.796,62850.72,1347.45,0.921,11.93,41.925,46.145,3550.55,3907.94,国家统计局,2018-04-21,final
2019-01-01,2019,national,CN,中国,,,990865.0,6.389,70164.64,141220,100.0,4.587,30.371,65.042,300935.61,644478.41,国家统计局,2019-04-21,final
2019-01-01,2019,region,CN-R-NC,华北,CN,中国,116589.7,5.296,68436.45,17036.2,11.766,10.011,30.567,59.422,35637.97,69279.93,国家统计局,2019-04-21,final
2019-01-01,2019,region,CN-R-NE,东北,CN,中国,47633.13,5.983,73064.68,6519.31,4.807,8.18,29.523,62.297,14062.73,29674.01,国家统计局,2019-04-21,final
2019-01-01,2019,region,CN-R-EC,华东,CN,中国,389295.19,4.881,70289.77,55384.33,39.288,6.743,40.068,53.189,155982.8,207062.22,国家统计局,2019-04-21,final
2019-01-01,2019,region,CN-R-CC,华中,CN,中国,135774.93,5.599,74795.87,18152.73,13.703,11.069,34.282,54.649,46546.36,74199.64,国家统计局,2019-04-21,final
2019-01-01,2019,region,CN-R-SC,华南,CN,中国,132033.82,6.076,69275.56,19059.22,13.325,8.801,37.363,53.836,49331.8,71081.73,国家统计局,2019-04-21,final
2019-01-01,2019,region,CN-R-SW,西南,CN,中国,112758.99,6.175,68243.45,16523.05,11.38,11.888,45.228,42.884,50998.64,48355.57,国家统计局,2019-04-21,final
2019-01-01,2019,region,CN-R-NW,西北,CN,中国,56779.23,4.912,66446.07,8545.16,5.73,5.421,34.285,60.294,19466.76,34234.47,国家统计局,2019-04-21,final
2019-01-01,2019,province,CN-BJ,北京,CN-R-NC,华北,33977.1,6.105,65870.96,5158.13,3.429,9.603,39.407,50.99,13389.36,17324.92,国家统计局,2019-04-21,final
2019-01-01,2019,province,CN-TJ,天津,CN-R-NC,华北,13887.21,6.371,71991.76,1929.0,1.402,5.313,35.684,59.003,4955.51,8193.87,国家统计局,2019-04-21,final
2019-01-01,2019,province,CN-HE,河北,CN-R-NC,华北,35560.68,6.759,69146.53,5142.8,3.589,10.659,32.219,57.122,11457.3,20312.97,国家统计局,2019-04-21,final
2019-01-01,2019,province,CN-SX,山西,CN-R-NC,华北,19424.15,6.428,68574.3,2832.57,1.96,12.43,38.467,49.103,7471.89,9537.84,国家统计局,2019-04-21,final
2019-01-01,2019,province,CN-NM,内蒙古,CN-R-NC,华北,13740.56,5.01,69617.93,1973.71,1.387,9.856,31.021,59.123,4262.46,8123.83,国家统计局,2019-04-21,final
2019-01-01,2019,province,CN-LN,辽宁,CN-R-NE,东北,24617.52,6.767,72532.47,3394.0,2.484,4.398,43.106,52.496,10611.63,12923.21,国家统计局,2019-04-21,final
2019-01-01,2019,province,CN-JL,吉林,CN-R-NE,东北,9778.91,5.435,74051.24,1320.56,0.987,12.183,35.193,52.624,3441.49,5146.05,国家统计局,2019-04-21,final
2019-01-01,2019,province,CN-HL,黑龙江,CN-R-NE,东北,13236.7,6.68,73343.68,1804.75,1.336,3.828,36.137,60.035,4783.35,7946.65,国家统计局,2019-04-21,final
2019-01-01,2019,province,CN-SH,上海,CN-R-EC,华东,37761.67,6.083,73808.62,5116.16,3.811,12.093,43.5,44.407,16426.33,16768.82,国家统计局,2019-04-21,final
2019-01-01,2019,province,CN-JS,江苏,CN-R-EC,华东,97735.87,5.11,70190.06,13924.46,9.864,10.748,39.138,50.114,38251.86,48979.35,国家统计局,2019-04-21,final
2019-01-01,2019,province,CN-ZJ,浙江,CN-R-EC,华东,66948.05,6.226,69948.78,9571.01,6.757,12.132,35.351,52.517,23666.81,35159.11,国家统计局,2019-04-21,final
2019-01-01,2019,province,CN-AH,安徽,CN-R-EC,华东,35831.9,5.485,70376.2,5091.48,3.616,5.263,31.889,62.848,11426.43,22519.63,国家统计局,2019-04-21,final
2019-01-01,2019,province,CN-FJ,福建,CN-R-EC,华东,39221.95,4.868,72622.89,5400.77,3.958,8.891,44.734,46.375,17545.55,18189.18,国家统计局,2019-04-21,final
2019-01-01,2019,province,CN-JX,江西,CN-R-EC,华东,24381.15,6.037,70391.49,3463.65,2.461,4.885,40.821,54.294,9952.63,13237.5,国家统计局,2019-04-21,final
2019-01-01,2019,province,CN-SD,山东,CN-R-EC,华东,87414.6,5.629,68203.14,12816.8,8.822,7.769,29.726,62.505,25984.86,54638.5,国家统计局,2019-04-21,final
2019-01-01,2019,province,CN-HA,河南,CN-R-CC,华中,48778.72,5.7,73742.57,6614.73,4.923,8.051,41.902,50.047,20439.26,24412.29,国家统计局,2019-04-21,final
2019-01-01,2019,province,CN-HB,湖北,CN-R-CC,华中,47530.06,6.454,77306.52,6148.26,4.797,10.699,44.209,45.092,21012.56,21432.25,国家统计局,2019-04-21,final
2019-01-01,2019,province,CN-HN,湖南,CN-R-CC,华中,39466.15,5.49,73224.45,5389.75,3.983,9.553,37.544,52.903,14817.17,20878.78,国家统计局,2019-04-21,final
2019-01-01,2019,province,CN-GD,广东,CN-R-SC,华南,105983.36,6.229,70313.15,15073.05,10.696,6.305,36.329,57.366,38502.69,60798.41,国家统计局,2019-04-21,final
2019-01-01,2019,province,CN-GX,广西,CN-R-SC,华南,20063.12,5.838,64827.02,3094.87,2.025,3.79,30.584,65.626,6136.1,13166.62,国家统计局,2019-04-21,final
2019-01-01,2019,province,CN-HI,海南,CN-R-SC,华南,5987.34,6.428,67175.36,891.3,0.604,3.311,31.459,65.23,1883.56,3905.54,国家统计局,2019-04-21,final
2019-01-01,2019,province,CN-CQ,重庆,CN-R-SW,西南,22284.07,6.799,69026.19,3228.35,2.249,3.358,38.264,58.378,8526.78,13008.99,国家统计局,2019-04-21,final
2019-01-01,2019,province,CN-SC,四川,CN-R-SW,西南,49700.69,4.87,69692.66,7131.41,5.016,5.355,42.111,52.534,20929.46,26109.76,国家统计局,2019-04-21,final
2019-01-01,2019,province,CN-GZ,贵州,CN-R-SW,西南,18417.4,5.845,64769.27,2843.54,1.859,10.362,37.573,52.065,6919.97,9589.02,国家统计局,2019-04-21,final
2019-01-01,2019,province,CN-YN,云南,CN-R-SW,西南,20042.49,6.5,66877.85,2996.88,2.023,7.606,38.834,53.56,7783.3,10734.76,国家统计局,2019-04-21,final
2019-01-01,2019,province,CN-XZ,西藏,CN-R-SW,西南,2314.34,5.135,71678.02,322.88,0.234,7.951,31.461,60.588,728.11,1402.21,国家统计局,2019-04-21,final
2019-01-01,2019,province,CN-SN,陕西,CN-R-NW,西北,27526.37,5.881,66835.75,4118.51,2.778,10.971,35.252,53.777,9703.6,14802.86,国家统计局,2019-04-21,final
2019-01-01,2019,province,CN-GS,甘肃,CN-R-NW,西北,7946.47,5.128,64538.29,1231.28,0.802,7.751,42.178,50.071,3351.66,3978.88,国家统计局,2019-04-21,final
2019-01-01,2019,province,CN-QH,青海,CN-R-NW,西北,3862.56,6.709,68954.58,560.16,0.39,11.942,40.741,47.317,1573.65,1827.65,国家统计局,2019-04-21,final
2019-01-01,2019,province,CN-NX,宁夏,CN-R-NW,西北,5230.54,6.77,66398.48,787.75,0.528,5.769,43.48,50.751,2274.24,2654.55,国家统计局,2019-04-21,final
2019-01-01,2019,province,CN-XJ,新疆,CN-R-NW,西北,12213.3,5.048,66108.6,1847.46,1.233,11.633,43.324,45.043,5291.29,5501.24,国家统计局,2019-04-21,final
2019-01-01,2019,city,CN-GZ-GZ,广州,CN-GD,广东,18290.59,5.665,68175.21,2682.88,1.846,4.146,35.052,60.802,6411.22,11121.04,国家统计局,2019-04-21,final
2019-01-01,2019,city,CN-GD-SZ,深圳,CN-GD,广东,21943.45,5.219,66294.61,3309.99,2.215,8.053,30.325,61.622,6654.35,13521.99,国家统计局,2019-04-21,final
2019-01-01,2019,city,CN-ZJ-HZ,杭州,CN-ZJ,浙江,13525.5,6.064,68910.26,1962.77,1.365,10.984,44.62,44.396,6035.08,6004.78,国家统计局,2019-04-21,final
2019-01-01,2019,city,CN-JS-NJ,南京,CN-JS,江苏,15017.99,6.369,72088.89,2083.26,1.516,9.694,44.958,45.348,6751.79,6810.36,国家统计局,2019-04-21,final
2019-01-01,2019,city,CN-HB-WH,武汉,CN-HB,湖北,10752.38,6.217,71109.39,1512.09,1.085,11.472,38.318,50.21,4120.1,5398.77,国家统计局,2019-04-21,final
2019-01-01,2019,city,CN-SC-CD,成都,CN-SC,四川,12000.83,5.829,68782.12,1744.76,1.211,12.786,32.692,54.522,3923.31,6543.09,国家统计局,2019-04-21,final
2019-01-01,2019,city,CN-SN-XA,西安,CN-SN,陕西,6542.16,5.952,73873.46,885.59,0.66,9.405,37.011,53.584,2421.32,3505.55,国家统计局,2019-04-21,final
2019-01-01,2019,city,CN-JS-SZ,苏州,CN-JS,江苏,21946.91,5.189,70006.32,3134.99,2.215,12.269,41.391,46.34,9084.05,10170.2,国家统计局,2019-04-21,final
2019-01-01,2019,city,CN-SD-QD,青岛,CN-SD,山东,14055.02,5.867,70251.57,2000.67,1.418,12.362,31.693,55.945,4454.46,7863.08,国家统计局,2019-04-21,final
2019-01-01,2019,city,CN-ZJ-NB,宁波,CN-ZJ,浙江,9284.43,5.981,68093.13,1363.49,0.937,8.246,34.747,57.007,3226.06,5292.78,国家统计局,2019-04-21,final
2020-01-01,2020,national,CN,中国,,,1015986.0,5.603,71963.88,141180,100.0,12.351,32.362,55.287,328793.39,561708.18,国家统计局,2020-04-20,final
2020-01-01,2020,region,CN-R-NC,华北,CN,中国,122889.86,5.125,73682.53,16678.29,12.096,10.812,43.248,45.94,53147.41,56455.6,国家统计局,2020-04-20,final
2020-01-01,2020,region,CN-R-NE,东北,CN,中国,46327.49,5.513,70254.69,6594.22,4.56,12.132,36.977,50.891,17130.52,23576.52,国家统计局,2020-04-20,final
2020-01-01,2020,region,CN-R-EC,华东,CN,中国,398249.83,6.235,71337.31,55826.3,39.198,4.043,30.939,65.018,123214.51,258934.07,国家统计局,2020-04-20,final
2020-01-01,2020,region,CN-R-CC,华中,CN,中国,135652.79,6.323,71990.74,18843.09,13.352,3.295,40.088,56.617,54380.49,76802.54,国家统计局,2020-04-20,final
2020-01-01,2020,region,CN-R-SC,华南,CN,中国,131392.4,6.683,72157.15,18209.2,12.933,3.279,36.991,59.73,48603.36,78480.68,国家统计局,2020-04-20,final
2020-01-01,2020,region,CN-R-SW,西南,CN,中国,120446.27,6.716,72921.94,16517.15,11.855,7.706,41.386,50.908,49847.89,61316.79,国家统计局,2020-04-20,final
2020-01-01,2020,region,CN-R-NW,西北,CN,中国,61027.36,6.922,71697.78,8511.75,6.007,8.43,29.676,61.894,18110.48,37772.27,国家统计局,2020-04-20,final
2020-01-01,2020,province,CN-BJ,北京,CN-R-NC,华北,36533.19,5.414,74288.27,4917.76,3.596,2.953,37.994,59.053,13880.42,21573.94,国家统计局,2020-04-20,final
2020-01-01,2020,province,CN-TJ,天津,CN-R-NC,华北,14340.92,6.942,72606.0,1975.17,1.412,3.253,42.4,54.347,6080.55,7793.86,国家统计局,2020-04-20,final
2020-01-01,2020,province,CN-HE,河北,CN-R-NC,华北,36191.3,5.986,71467.81,5064.0,3.562,8.883,31.4,59.717,11364.07,21612.36,国家统计局,2020-04-20,final
2020-01-01,2020,province,CN-SX,山西,CN-R-NC,华北,20797.69,5.642,74107.02,2806.44,2.047,4.035,40.686,55.279,8461.75,11496.76,国家统计局,2020-04-20,final
2020-01-01,2020,province,CN-NM,内蒙古,CN-R-NC,华北,15026.76,5.895,78472.41,1914.91,1.479,7.899,40.134,51.967,6030.84,7808.96,国家统计局,2020-04-20,final
2020-01-01,2020,province,CN-LN,辽宁,CN-R-NE,东北,24633.73,6.336,71651.96,3437.97,2.425,4.1,31.551,64.349,7772.19,15851.56,国家统计局,2020-04-20,final
2020-01-01,2020,province,CN-JL,吉林,CN-R-NE,东北,9021.73,5.702,69823.31,1292.08,0.888,2.824,30.35,66.826,2738.1,6028.86,国家统计局,2020-04-20,final
2020-01-01,2020,province,CN-HL,黑龙江,CN-R-NE,东北,12672.03,7.025,67976.79,1864.17,1.247,7.692,29.874,62.434,3785.64,7911.66,国家统计局,2020-04-20,final
2020-01-01,2020,province,CN-SH,上海,CN-R-EC,华东,36425.44,6.97,70595.08,5159.77,3.585,7.326,45.176,47.498,16455.56,17301.36,国家统计局,2020-04-20,final
2020-01-01,2020,province,CN-JS,江苏,CN-R-EC,华东,102099.0,5.84,72566.84,14069.65,10.049,7.734,39.49,52.776,40318.9,53883.77,国家统计局,2020-04-20,final
2020-01-01,2020,province,CN-ZJ,浙江,CN-R-EC,华东,66244.62,5.181,68886.77,9616.45,6.52,4.885,41.361,53.754,27399.44,35609.13,国家统计局,2020-04-20,final
2020-01-01,2020,province,CN-AH,安徽,CN-R-EC,华东,38481.36,6.211,72184.54,5330.97,3.788,4.812,45.499,49.689,17508.63,19121.0,国家统计局,2020-04-20,final
2020-01-01,2020,province,CN-FJ,福建,CN-R-EC,华东,41506.39,6.327,76810.2,5403.76,4.085,10.347,40.464,49.189,16795.15,20416.58,国家统计局,2020-04-20,final
2020-01-01,2020,province,CN-JX,江西,CN-R-EC,华东,24753.2,6.582,71193.51,3476.89,2.436,10.735,35.403,53.862,8763.38,13332.57,国家统计局,2020-04-20,final
2020-01-01,2020,province,CN-SD,山东,CN-R-EC,华东,88739.82,5.431,69497.38,12768.8,8.734,10.83,34.974,54.196,31035.86,48093.43,国家统计局,2020-04-20,final
2020-01-01,2020,province,CN-HA,河南,CN-R-CC,华中,49345.0,6.07,73038.56,6756.02,4.857,7.862,37.375,54.763,18442.69,27022.8,国家统计局,2020-04-20,final
2020-01-01,2020,province,CN-HB,湖北,CN-R-CC,华中,46957.93,6.489,70853.05,6627.51,4.622,6.561,41.429,52.01,19454.2,24422.82,国家统计局,2020-04-20,final
2020-01-01,2020,province,CN-HN,湖南,CN-R-CC,华中,39349.86,5.393,72075.15,5459.56,3.873,9.471,37.855,52.674,14895.89,20727.15,国家统计局,2020-04-20,final
2020-01-01,2020,province,CN-GD,广东,CN-R-SC,华南,103593.72,6.459,71400.07,14508.91,10.196,9.703,42.016,48.281,43525.94,50016.08,国家统计局,2020-04-20,final
2020-01-01,2020,province,CN-GX,广西,CN-R-SC,华南,21651.62,5.339,76000.46,2848.88,2.131,6.282,43.098,50.62,9331.42,10960.05,国家统计局,2020-04-20,final
2020-01-01,2020,province,CN-HI,海南,CN-R-SC,华南,6147.06,6.839,72198.59,851.41,0.605,4.553,40.734,54.713,2503.94,3363.24,国家统计局,2020-04-20,final
2020-01-01,2020,province,CN-CQ,重庆,CN-R-SW,西南,24640.24,5.552,74479.39,3308.33,2.425,10.704,30.799,58.497,7588.95,14413.8,国家统计局,2020-04-20,final
2020-01-01,2020,province,CN-SC,四川,CN-R-SW,西南,51389.33,5.556,71078.11,7229.98,5.058,9.79,39.2,51.01,20144.62,26213.7,国家统计局,2020-04-20,final
2020-01-01,2020,province,CN-GZ,贵州,CN-R-SW,西南,20382.58,6.458,73871.07,2759.21,2.006,3.545,37.742,58.713,7692.79,11967.22,国家统计局,2020-04-20,final
2020-01-01,2020,province,CN-YN,云南,CN-R-SW,西南,21569.6,6.227,74796.79,2883.76,2.123,4.149,43.416,52.435,9364.66,11310.02,国家统计局,2020-04-20,final
2020-01-01,2020,province,CN-XZ,西藏,CN-R-SW,西南,2464.52,5.145,73377.2,335.87,0.243,5.617,32.386,61.997,798.16,1527.93,国家统计局,2020-04-20,final
2020-01-01,2020,province,CN-SN,陕西,CN-R-NW,西北,29254.27,6.691,73264.8,3992.95,2.879,6.794,42.938,50.268,12561.2,14705.54,国家统计局,2020-04-20,final
2020-01-01,2020,province,CN-GS,甘肃,CN-R-NW,西北,8748.62,6.481,69944.2,1250.8,0.861,12.547,41.063,46.39,3592.45,4058.48,国家统计局,2020-04-20,final
2020-01-01,2020,province,CN-QH,青海,CN-R-NW,西北,3758.33,5.541,65800.55,571.17,0.37,3.664,33.283,63.053,1250.88,2369.74,国家统计局,2020-04-20,final
2020-01-01,2020,province,CN-NX,宁夏,CN-R-NW,西北,5570.49,5.895,70245.78,793.0,0.548,12.381,41.935,45.684,2335.98,2544.82,国家统计局,2020-04-20,final
2020-01-01,2020,province,CN-XJ,新疆,CN-R-NW,西北,13695.64,6.053,71937.31,1903.83,1.348,5.866,36.365,57.769,4980.42,7911.83,国家统计局,2020-04-20,final
2020-01-01,2020,city,CN-GZ-GZ,广州,CN-GD,广东,19550.38,6.869,72688.26,2689.62,1.924,4.941,40.925,54.134,8000.99,10583.4,国家统计局,2020-04-20,final
2020-01-01,2020,city,CN-GD-SZ,深圳,CN-GD,广东,24324.32,5.803,75236.68,3233.04,2.394,2.989,37.851,59.16,9207.0,14390.27,国家统计局,2020-04-20,final
2020-01-01,2020,city,CN-ZJ-HZ,杭州,CN-ZJ,浙江,14757.87,6.319,74287.82,1986.58,1.453,4.722,29.628,65.65,4372.46,9688.54,国家统计局,2020-04-20,final
2020-01-01,2020,city,CN-JS-NJ,南京,CN-JS,江苏,15659.94,5.403,76056.42,2058.99,1.541,12.682,35.994,51.324,5636.64,8037.31,国家统计局,2020-04-20,final
2020-01-01,2020,city,CN-HB-WH,武汉,CN-HB,湖北,10665.8,6.502,69991.08,1523.88,1.05,4.013,41.43,54.557,4418.84,5818.94,国家统计局,2020-04-20,final
2020-01-01,2020,city,CN-SC-CD,成都,CN-SC,四川,12261.46,6.627,72367.6,1694.33,1.207,8.399,38.73,52.871,4748.86,6482.76,国家统计局,2020-04-20,final
2020-01-01,2020,city,CN-SN-XA,西安,CN-SN,陕西,6505.96,5.571,72982.59,891.44,0.64,6.547,35.264,58.189,2294.26,3785.75,国家统计局,2020-04-20,final
2020-01-01,2020,city,CN-JS-SZ,苏州,CN-JS,江苏,23100.39,6.128,74025.71,3120.59,2.274,3.161,39.689,57.15,9168.31,13201.87,国家统计局,2020-04-20,final
2020-01-01,2020,city,CN-SD-QD,青岛,CN-SD,山东,14836.81,6.972,72026.15,2059.92,1.46,10.801,31.262,57.937,4638.28,8596.0,国家统计局,2020-04-20,final
2020-01-01,2020,city,CN-ZJ-NB,宁波,CN-ZJ,浙江,9896.96,6.682,74943.47,1320.59,0.974,4.429,37.869,57.702,3747.88,5710.74,国家统计局,2020-04-20,final
2021-01-01,2021,national,CN,中国,,,1149237.0,6.457,81431.09,141130,100.0,9.889,30.056,60.055,345414.67,690174.28,国家统计局,2021-04-21,final
2021-01-01,2021,region,CN-R-NC,华北,CN,中国,137338.57,7.221,80985.09,16958.5,11.95,12.509,32.241,55.25,44279.33,75879.56,国家统计局,2021-04-21,final
2021-01-01,2021,region,CN-R-NE,东北,CN,中国,52023.57,5.502,80815.2,6437.35,4.527,11.065,40.865,48.07,21259.43,25007.73,国家统计局,2021-04-21,final
2021-01-01,2021,region,CN-R-EC,华东,CN,中国,462899.46,7.384,84753.27,54617.3,40.279,5.93,31.423,62.647,145456.9,289992.62,国家统计局,2021-04-21,final
2021-01-01,2021,region,CN-R-CC,华中,CN,中国,149361.57,6.604,79655.17,18751.02,12.997,9.173,32.995,57.832,49281.85,86378.78,国家统计局,2021-04-21,final
2021-01-01,2021,region,CN-R-SC,华南,CN,中国,146887.56,5.666,76991.11,19078.51,12.781,6.837,32.169,60.994,47252.26,89592.6,国家统计局,2021-04-21,final
2021-01-01,2021,region,CN-R-SW,西南,CN,中国,131381.84,6.213,78131.81,16815.41,11.432,8.329,36.794,54.877,48340.63,72098.41,国家统计局,2021-04-21,final
2021-01-01,2021,region,CN-R-NW,西北,CN,中国,69344.43,7.02,81852.18,8471.91,6.034,5.015,31.449,63.536,21808.13,44058.68,国家统计局,2021-04-21,final
2021-01-01,2021,province,CN-BJ,北京,CN-R-NC,华北,40385.13,7.062,78867.96,5120.6,3.514,8.893,45.46,45.647,18359.08,18434.6,国家统计局,2021-04-21,final
2021-01-01,2021,province,CN-TJ,天津,CN-R-NC,华北,16153.52,7.196,82743.09,1952.25,1.406,10.212,43.984,45.804,7104.96,7398.96,国家统计局,2021-04-21,final
2021-01-01,2021,province,CN-HE,河北,CN-R-NC,华北,41777.01,6.041,83604.68,4996.97,3.635,5.794,36.765,57.441,15359.32,23997.13,国家统计局,2021-04-21,final
2021-01-01,2021,province,CN-SX,山西,CN-R-NC,华北,23682.95,6.544,80536.45,2940.65,2.061,8.907,30.334,60.759,7183.99,14389.52,国家统计局,2021-04-21,final
2021-01-01,2021,province,CN-NM,内蒙古,CN-R-NC,华北,15339.97,6.2,78746.07,1948.03,1.335,5.381,40.31,54.309,6183.54,8330.98,国家统计局,2021-04-21,final
2021-01-01,2021,province,CN-LN,辽宁,CN-R-NE,东北,26468.62,6.608,78635.0,3366.01,2.303,12.17,39.324,48.506,10408.52,12838.87,国家统计局,2021-04-21,final
2021-01-01,2021,province,CN-JL,吉林,CN-R-NE,东北,10463.38,6.862,83436.71,1254.05,0.91,8.645,33.605,57.75,3516.22,6042.6,国家统计局,2021-04-21,final
2021-01-01,2021,province,CN-HL,黑龙江,CN-R-NE,东北,15091.57,6.288,83044.37,1817.29,1.313,5.681,38.96,55.359,5879.68,8354.54,国家统计局,2021-04-21,final
2021-01-01,2021,province,CN-SH,上海,CN-R-EC,华东,42105.53,7.175,82568.77,5099.45,3.664,4.418,45.48,50.102,19149.6,21095.71,国家统计局,2021-04-21,final
2021-01-01,2021,province,CN-JS,江苏,CN-R-EC,华东,114179.34,6.78,84873.34,13452.91,9.935,8.688,41.073,50.239,46896.88,57362.56,国家统计局,2021-04-21,final
2021-01-01,2021,province,CN-ZJ,浙江,CN-R-EC,华东,79844.54,7.189,83449.91,9567.96,6.948,10.7,42.636,46.664,34042.52,37258.66,国家统计局,2021-04-21,final
2021-01-01,2021,province,CN-AH,安徽,CN-R-EC,华东,43040.68,5.511,82908.29,5191.36,3.745,4.358,44.981,50.661,19360.13,21804.84,国家统计局,2021-04-21,final
2021-01-01,2021,province,CN-FJ,福建,CN-R-EC,华东,45913.91,5.961,85527.04,5368.35,3.995,12.169,45.106,42.725,20709.93,19616.72,国家统计局,2021-04-21,final
2021-01-01,2021,province,CN-JX,江西,CN-R-EC,华东,29198.74,6.676,85468.9,3416.3,2.541,9.224,29.769,61.007,8692.17,17813.28,国家统计局,2021-04-21,final
2021-01-01,2021,province,CN-SD,山东,CN-R-EC,华东,108616.73,7.277,86747.86,12520.97,9.451,5.143,31.259,63.598,33952.5,69078.07,国家统计局,2021-04-21,final
2021-01-01,2021,province,CN-HA,河南,CN-R-CC,华中,53578.94,5.848,78104.09,6859.94,4.662,5.712,41.025,53.263,21980.76,28537.75,国家统计局,2021-04-21,final
2021-01-01,2021,province,CN-HB,湖北,CN-R-CC,华中,52241.69,7.276,82417.17,6338.69,4.546,6.662,38.92,54.418,20332.47,28428.88,国家统计局,2021-04-21,final
2021-01-01,2021,province,CN-HN,湖南,CN-R-CC,华中,43540.94,6.498,78418.37,5552.39,3.789,10.576,29.95,59.474,13040.51,25895.54,国家统计局,2021-04-21,final
2021-01-01,2021,province,CN-GD,广东,CN-R-SC,华南,116670.67,5.847,77423.42,15069.17,10.152,3.811,35.543,60.646,41468.26,70756.09,国家统计局,2021-04-21,final
2021-01-01,2021,province,CN-GX,广西,CN-R-SC,华南,23474.81,6.703,75999.28,3088.82,2.043,7.807,39.308,52.885,9227.48,12414.65,国家统计局,2021-04-21,final
2021-01-01,2021,province,CN-HI,海南,CN-R-SC,华南,6742.08,6.986,73242.08,920.52,0.587,2.816,35.399,61.785,2386.63,4165.59,国家统计局,2021-04-21,final
2021-01-01,2021,province,CN-CQ,重庆,CN-R-SW,西南,26280.81,7.063,77105.32,3408.43,2.287,6.912,34.011,59.077,8938.37,15525.91,国家统计局,2021-04-21,final
2021-01-01,2021,province,CN-SC,四川,CN-R-SW,西南,57599.49,6.297,79987.63,7201.05,5.012,5.29,43.024,51.686,24781.6,29770.87,国家统计局,2021-04-21,final
2021-01-01,2021,province,CN-GZ,贵州,CN-R-SW,西南,21739.48,6.416,79147.34,2746.71,1.892,12.276,30.793,56.931,6694.24,12376.5,国家统计局,2021-04-21,final
2021-01-01,2021,province,CN-YN,云南,CN-R-SW,西南,23128.83,5.711,74153.68,3119.04,2.013,4.935,36.971,58.094,8550.96,13436.46,国家统计局,2021-04-21,final
2021-01-01,2021,province,CN-XZ,西藏,CN-R-SW,西南,2633.22,5.861,77406.67,340.18,0.229,5.918,31.031,63.051,817.11,1660.27,国家统计局,2021-04-21,final
2021-01-01,2021,province,CN-SN,陕西,CN-R-NW,西北,33388.79,5.742,82555.0,4044.43,2.905,9.692,45.136,45.172,15070.36,15082.38,国家统计局,2021-04-21,final
2021-01-01,2021,province,CN-GS,甘肃,CN-R-NW,西北,9764.31,5.992,78518.38,1243.57,0.85,5.579,44.012,50.409,4297.47,4922.09,国家统计局,2021-04-21,final
2021-01-01,2021,province,CN-QH,青海,CN-R-NW,西北,4638.64,5.754,85862.58,540.24,0.404,9.482,40.256,50.262,1867.33,2331.47,国家统计局,2021-04-21,final
2021-01-01,2021,province,CN-NX,宁夏,CN-R-NW,西北,6201.88,7.097,82133.23,755.1,0.54,10.512,31.635,57.853,1961.96,3587.97,国家统计局,2021-04-21,final
2021-01-01,2021,province,CN-XJ,新疆,CN-R-NW,西北,15350.82,5.495,81283.2,1888.56,1.336,10.926,40.342,48.732,6192.83,7480.76,国家统计局,2021-04-21,final
2021-01-01,2021,city,CN-GZ-GZ,广州,CN-GD,广东,21116.29,6.638,77868.17,2711.8,1.837,11.305,39.344,49.351,8307.99,10421.1,国家统计局,2021-04-21,final
2021-01-01,2021,city,CN-GD-SZ,深圳,CN-GD,广东,27154.59,7.021,81263.94,3341.53,2.363,8.121,34.853,57.026,9464.19,15485.18,国家统计局,2021-04-21,final
2021-01-01,2021,city,CN-ZJ-HZ,杭州,CN-ZJ,浙江,16489.92,5.453,83168.59,1982.71,1.435,8.473,38.983,52.544,6428.27,8664.46,国家统计局,2021-04-21,final
2021-01-01,2021,city,CN-JS-NJ,南京,CN-JS,江苏,17183.22,6.617,83064.5,2068.66,1.495,10.503,45.121,44.376,7753.24,7625.23,国家统计局,2021-04-21,final
2021-01-01,2021,city,CN-HB-WH,武汉,CN-HB,湖北,11957.04,6.053,76808.7,1556.73,1.04,7.104,43.476,49.42,5198.44,5909.17,国家统计局,2021-04-21,final
2021-01-01,2021,city,CN-SC-CD,成都,CN-SC,四川,13718.45,5.607,79908.96,1716.76,1.194,11.179,32.863,55.958,4508.29,7676.57,国家统计局,2021-04-21,final
2021-01-01,2021,city,CN-SN-XA,西安,CN-SN,陕西,7333.82,7.027,82226.01,891.91,0.638,9.577,31.627,58.796,2319.47,4311.99,国家统计局,2021-04-21,final
2021-01-01,2021,city,CN-JS-SZ,苏州,CN-JS,江苏,25793.09,6.036,84256.45,3061.26,2.244,3.716,31.223,65.061,8053.38,16781.24,国家统计局,2021-04-21,final
2021-01-01,2021,city,CN-SD-QD,青岛,CN-SD,山东,16447.32,5.671,79457.57,2069.95,1.431,4.355,35.714,59.931,5874.0,9857.04,国家统计局,2021-04-21,final
2021-01-01,2021,city,CN-ZJ-NB,宁波,CN-ZJ,浙江,11241.75,6.977,81909.49,1372.46,0.978,10.825,31.719,57.456,3565.77,6459.06,国家统计局,2021-04-21,final
2022-01-01,2022,national,CN,中国,,,1210207.0,5.955,85799.86,141050,100.0,4.497,36.691,58.812,444037.05,711746.94,国家统计局,2022-04-21,final
2022-01-01,2022,region,CN-R-NC,华北,CN,中国,145170.7,7.176,87325.24,16624.14,11.996,7.941,40.735,51.324,59135.28,74507.41,国家统计局,2022-04-21,final
2022-01-01,2022,region,CN-R-NE,东北,CN,中国,54952.62,5.962,83917.37,6548.42,4.541,5.041,45.173,49.786,24823.75,27358.71,国家统计局,2022-04-21,final
2022-01-01,2022,region,CN-R-EC,华东,CN,中国,474140.11,5.961,84293.15,56248.95,39.178,4.273,33.976,61.751,161093.84,292786.26,国家统计局,2022-04-21,final
2022-01-01,2022,region,CN-R-CC,华中,CN,中国,157499.64,6.932,85862.5,18343.24,13.014,8.499,35.412,56.089,55773.77,88339.97,国家统计局,2022-04-21,final
2022-01-01,2022,region,CN-R-SC,华南,CN,中国,161930.8,7.112,87926.11,18416.69,13.38,3.685,36.553,59.762,59190.57,96773.08,国家统计局,2022-04-21,final
2022-01-01,2022,region,CN-R-SW,西南,CN,中国,145338.82,5.971,86700.14,16763.39,12.009,8.074,42.444,49.482,61687.61,71916.55,国家统计局,2022-04-21,final
2022-01-01,2022,region,CN-R-NW,西北,CN,中国,71174.32,7.473,87813.48,8105.17,5.881,4.536,31.867,63.597,22681.12,45264.73,国家统计局,2022-04-21,final
2022-01-01,2022,province,CN-BJ,北京,CN-R-NC,华北,42921.84,6.843,84877.27,5056.93,3.547,3.65,44.305,52.045,19016.52,22338.67,国家统计局,2022-04-21,final
2022-01-01,2022,province,CN-TJ,天津,CN-R-NC,华北,17747.14,5.973,94455.95,1878.88,1.466,4.245,36.252,59.503,6433.69,10560.08,国家统计局,2022-04-21,final
2022-01-01,2022,province,CN-HE,河北,CN-R-NC,华北,42889.24,5.835,85919.39,4991.8,3.544,7.66,39.561,52.779,16967.41,22636.51,国家统计局,2022-04-21,final
2022-01-01,2022,province,CN-SX,山西,CN-R-NC,华北,24451.54,5.727,86448.24,2828.46,2.02,2.993,38.616,58.391,9442.21,14277.5,国家统计局,2022-04-21,final
2022-01-01,2022,province,CN-NM,内蒙古,CN-R-NC,华北,17160.94,7.569,91864.54,1868.07,1.418,2.902,34.455,62.643,5912.8,10750.13,国家统计局,2022-04-21,final
2022-01-01,2022,province,CN-LN,辽宁,CN-R-NE,东北,27647.0,6.733,82002.81,3371.47,2.284,2.918,39.663,57.419,10965.63,15874.63,国家统计局,2022-04-21,final
2022-01-01,2022,province,CN-JL,吉林,CN-R-NE,东北,11196.82,7.602,85241.56,1313.54,0.925,8.915,42.781,48.304,4790.11,5408.51,国家统计局,2022-04-21,final
2022-01-01,2022,province,CN-HL,黑龙江,CN-R-NE,东北,16108.81,7.008,86448.02,1863.41,1.331,4.503,39.384,56.113,6344.29,9039.14,国家统计局,2022-04-21,final
2022-01-01,2022,province,CN-SH,上海,CN-R-EC,华东,43383.16,6.334,86140.25,5036.34,3.585,8.56,38.762,52.678,16816.18,22853.38,国家统计局,2022-04-21,final
2022-01-01,2022,province,CN-JS,江苏,CN-R-EC,华东,123598.44,5.951,85648.94,14430.82,10.213,8.979,34.201,56.82,42271.9,70228.63,国家统计局,2022-04-21,final
2022-01-01,2022,province,CN-ZJ,浙江,CN-R-EC,华东,82045.83,7.63,86527.71,9482.03,6.779,9.302,34.342,56.356,28176.18,46237.75,国家统计局,2022-04-21,final
2022-01-01,2022,province,CN-AH,安徽,CN-R-EC,华东,44181.03,6.53,84042.61,5256.98,3.651,12.594,33.816,53.59,14940.26,23676.61,国家统计局,2022-04-21,final
2022-01-01,2022,province,CN-FJ,福建,CN-R-EC,华东,47514.59,6.021,83876.02,5664.86,3.926,9.832,39.202,50.966,18626.67,24216.29,国家统计局,2022-04-21,final
2022-01-01,2022,province,CN-JX,江西,CN-R-EC,华东,28956.57,7.507,82684.39,3502.06,2.393,11.354,36.26,52.386,10499.65,15169.19,国家统计局,2022-04-21,final
2022-01-01,2022,province,CN-SD,山东,CN-R-EC,华东,104460.49,6.956,81128.88,12875.87,8.632,11.015,39.509,49.476,41271.29,51682.87,国家统计局,2022-04-21,final
2022-01-01,2022,province,CN-HA,河南,CN-R-CC,华中,57388.01,7.039,85631.25,6701.76,4.742,6.982,45.003,48.015,25826.33,27554.85,国家统计局,2022-04-21,final
2022-01-01,2022,province,CN-HB,湖北,CN-R-CC,华中,53045.88,6.969,85373.9,6213.36,4.383,5.049,37.411,57.54,19844.99,30522.6,国家统计局,2022-04-21,final
2022-01-01,2022,province,CN-HN,湖南,CN-R-CC,华中,47065.75,7.177,86707.44,5428.11,3.889,11.919,37.893,50.188,17834.62,23621.36,国家统计局,2022-04-21,final
2022-01-01,2022,province,CN-GD,广东,CN-R-SC,华南,127806.07,5.862,87363.44,14629.24,10.561,7.486,35.251,57.263,45052.92,73185.59,国家统计局,2022-04-21,final
2022-01-01,2022,province,CN-GX,广西,CN-R-SC,华南,26336.29,6.65,89326.73,2948.31,2.176,10.531,37.662,51.807,9918.77,13644.04,国家统计局,2022-04-21,final
2022-01-01,2022,province,CN-HI,海南,CN-R-SC,华南,7788.44,7.009,92814.55,839.14,0.644,9.271,29.617,61.112,2306.7,4759.67,国家统计局,2022-04-21,final
2022-01-01,2022,province,CN-CQ,重庆,CN-R-SW,西南,29910.51,6.862,89608.5,3337.91,2.472,9.327,40.354,50.319,12070.09,15050.67,国家统计局,2022-04-21,final
2022-01-01,2022,province,CN-SC,四川,CN-R-SW,西南,63518.81,7.381,87409.96,7266.77,5.249,5.396,30.754,63.85,19534.57,40556.76,国家统计局,2022-04-21,final
2022-01-01,2022,province,CN-GZ,贵州,CN-R-SW,西南,23775.14,7.257,83848.14,2835.5,1.965,11.555,42.887,45.558,10196.44,10831.48,国家统计局,2022-04-21,final
2022-01-01,2022,province,CN-YN,云南,CN-R-SW,西南,25295.59,6.343,84947.81,2977.78,2.09,12.697,37.883,49.42,9582.73,12501.08,国家统计局,2022-04-21,final
2022-01-01,2022,province,CN-XZ,西藏,CN-R-SW,西南,2838.77,7.512,82180.76,345.43,0.235,3.97,44.378,51.652,1259.79,1466.28,国家统计局,2022-04-21,final
2022-01-01,2022,province,CN-SN,陕西,CN-R-NW,西北,33356.85,7.211,87243.72,3823.41,2.756,6.186,43.135,50.679,14388.48,16904.92,国家统计局,2022-04-21,final
2022-01-01,2022,province,CN-GS,甘肃,CN-R-NW,西北,10297.18,7.151,87586.38,1175.66,0.851,4.899,29.607,65.494,3048.69,6744.04,国家统计局,2022-04-21,final
2022-01-01,2022,province,CN-QH,青海,CN-R-NW,西北,4920.09,6.448,90850.32,541.56,0.407,9.043,36.115,54.842,1776.89,2698.28,国家统计局,2022-04-21,final
2022-01-01,2022,province,CN-NX,宁夏,CN-R-NW,西北,6478.31,6.184,84155.75,769.8,0.535,7.621,30.265,62.114,1960.66,4023.94,国家统计局,2022-04-21,final
2022-01-01,2022,province,CN-XJ,新疆,CN-R-NW,西北,16121.88,7.034,89828.5,1794.74,1.332,11.206,33.101,55.693,5336.5,8978.76,国家统计局,2022-04-21,final
2022-01-01,2022,city,CN-GZ-GZ,广州,CN-GD,广东,23699.52,6.329,89691.41,2642.34,1.958,3.862,44.672,51.466,10587.05,12197.19,国家统计局,2022-04-21,final
2022-01-01,2022,city,CN-GD-SZ,深圳,CN-GD,广东,26907.76,7.363,83288.22,3230.68,2.223,6.156,37.15,56.694,9996.23,15255.09,国家统计局,2022-04-21,final
2022-01-01,2022,city,CN-ZJ-HZ,杭州,CN-ZJ,浙江,17433.65,7.308,86008.85,2026.96,1.441,11.335,40.762,47.903,7106.3,8351.24,国家统计局,2022-04-21,final
2022-01-01,2022,city,CN-JS-NJ,南京,CN-JS,江苏,17322.29,6.46,84027.19,2061.51,1.431,10.808,36.001,53.191,6236.2,9213.9,国家统计局,2022-04-21,final
2022-01-01,2022,city,CN-HB-WH,武汉,CN-HB,湖北,12930.71,7.076,84678.27,1527.04,1.068,8.201,37.666,54.133,4870.48,6999.78,国家统计局,2022-04-21,final
2022-01-01,2022,city,CN-SC-CD,成都,CN-SC,四川,14231.77,6.943,83172.25,1711.12,1.176,4.288,31.008,64.704,4412.99,9208.52,国家统计局,2022-04-21,final
2022-01-01,2022,city,CN-SN-XA,西安,CN-SN,陕西,7662.8,5.838,83322.1,919.66,0.633,5.339,32.498,62.163,2490.26,4763.43,国家统计局,2022-04-21,final
2022-01-01,2022,city,CN-JS-SZ,苏州,CN-JS,江苏,26505.46,7.146,84777.32,3126.48,2.19,10.474,38.753,50.773,10271.66,13457.62,国家统计局,2022-04-21,final
2022-01-01,2022,city,CN-SD-QD,青岛,CN-SD,山东,17527.59,7.644,86562.41,2024.85,1.448,11.925,33.832,54.243,5929.93,9507.49,国家统计局,2022-04-21,final
2022-01-01,2022,city,CN-ZJ-NB,宁波,CN-ZJ,浙江,11807.58,5.703,88008.56,1341.64,0.976,10.256,31.307,58.437,3696.6,6900.0,国家统计局,2022-04-21,final
2023-01-01,2023,national,CN,中国,,,1260582.0,6.382,89402.98,141000,100.0,10.03,34.748,55.222,438027.03,696118.59,国家统计局,2023-04-21,final
2023-01-01,2023,region,CN-R-NC,华北,CN,中国,150289.08,6.314,88089.0,17061.05,11.922,2.932,37.788,59.28,56791.24,89091.37,国家统计局,2023-04-21,final
2023-01-01,2023,region,CN-R-NE,东北,CN,中国,58322.89,6.855,90642.31,6434.4,4.627,6.53,39.925,53.545,23285.41,31228.99,国家统计局,2023-04-21,final
2023-01-01,2023,region,CN-R-EC,华东,CN,中国,502948.79,6.947,90079.09,55834.13,39.898,5.182,31.031,63.787,156070.04,320815.94,国家统计局,2023-04-21,final
2023-01-01,2023,region,CN-R-CC,华中,CN,中国,167905.9,6.158,88480.64,18976.57,13.32,10.632,37.191,52.177,62445.88,87608.26,国家统计局,2023-04-21,final
2023-01-01,2023,region,CN-R-SC,华南,CN,中国,161874.88,7.605,88839.64,18221.02,12.841,10.419,34.233,55.348,55414.63,89594.51,国家统计局,2023-04-21,final
2023-01-01,2023,region,CN-R-SW,西南,CN,中国,144211.8,6.614,88339.09,16324.8,11.44,9.086,40.577,50.337,58516.82,72591.89,国家统计局,2023-04-21,final
2023-01-01,2023,region,CN-R-NW,西北,CN,中国,75028.66,6.904,92081.85,8148.04,5.952,3.523,31.185,65.292,23397.69,48987.71,国家统计局,2023-04-21,final
2023-01-01,2023,province,CN-BJ,北京,CN-R-NC,华北,45989.35,6.063,89272.32,5151.58,3.648,8.683,37.825,53.492,17395.47,24600.62,国家统计局,2023-04-21,final
2023-01-01,2023,province,CN-TJ,天津,CN-R-NC,华北,16886.49,7.605,82973.36,2035.17,1.34,10.557,45.411,44.032,7668.32,7435.46,国家统计局,2023-04-21,final
2023-01-01,2023,province,CN-HE,河北,CN-R-NC,华北,45212.75,7.615,90115.5,5017.2,3.587,9.247,32.688,58.065,14779.14,26252.78,国家统计局,2023-04-21,final
2023-01-01,2023,province,CN-SX,山西,CN-R-NC,华北,25207.62,7.542,88291.34,2855.05,2.0,11.16,30.777,58.063,7758.15,14636.3,国家统计局,2023-04-21,final
2023-01-01,2023,province,CN-NM,内蒙古,CN-R-NC,华北,16992.87,7.722,84877.35,2002.05,1.348,2.91,36.398,60.692,6185.06,10313.31,国家统计局,2023-04-21,final
2023-01-01,2023,province,CN-LN,辽宁,CN-R-NE,东北,30202.56,6.806,89609.34,3370.47,2.396,7.152,38.693,54.155,11686.28,16356.2,国家统计局,2023-04-21,final
2023-01-01,2023,province,CN-JL,吉林,CN-R-NE,东北,11638.57,7.181,90234.76,1289.81,0.923,9.153,31.611,59.236,3679.07,6894.22,国家统计局,2023-04-21,final
2023-01-01,2023,province,CN-HL,黑龙江,CN-R-NE,东北,16481.76,6.779,92901.04,1774.12,1.307,7.95,32.625,59.425,5377.17,9794.29,国家统计局,2023-04-21,final
2023-01-01,2023,province,CN-SH,上海,CN-R-EC,华东,46410.77,6.789,88463.64,5246.31,3.682,3.129,37.617,59.254,17458.34,27500.24,国家统计局,2023-04-21,final
2023-01-01,2023,province,CN-JS,江苏,CN-R-EC,华东,130139.49,6.901,94877.23,13716.62,10.324,3.98,34.306,61.714,44645.65,80314.28,国家统计局,2023-04-21,final
2023-01-01,2023,province,CN-ZJ,浙江,CN-R-EC,华东,85331.61,6.784,89383.92,9546.64,6.769,10.838,38.485,50.677,32839.87,43243.5,国家统计局,2023-04-21,final
2023-01-01,2023,province,CN-AH,安徽,CN-R-EC,华东,47416.01,7.472,91119.97,5203.69,3.761,12.31,40.798,46.892,19344.78,22234.32,国家统计局,2023-04-21,final
2023-01-01,2023,province,CN-FJ,福建,CN-R-EC,华东,51296.53,7.679,90444.39,5671.61,4.069,9.726,29.838,60.436,15305.86,31001.57,国家统计局,2023-04-21,final
2023-01-01,2023,province,CN-JX,江西,CN-R-EC,华东,31209.96,6.573,88403.72,3530.39,2.476,4.862,29.744,65.394,9283.09,20409.44,国家统计局,2023-04-21,final
2023-01-01,2023,province,CN-SD,山东,CN-R-EC,华东,111144.42,6.323,86032.62,12918.87,8.817,10.034,37.797,52.169,42009.26,57982.93,国家统计局,2023-04-21,final
2023-01-01,2023,province,CN-HA,河南,CN-R-CC,华中,63312.96,7.015,90796.52,6973.06,5.023,9.342,41.793,48.865,26460.39,30937.88,国家统计局,2023-04-21,final
2023-01-01,2023,province,CN-HB,湖北,CN-R-CC,华中,56339.57,7.703,85592.01,6582.34,4.469,7.341,44.843,47.816,25264.35,26939.33,国家统计局,2023-04-21,final
2023-01-01,2023,province,CN-HN,湖南,CN-R-CC,华中,48253.38,6.42,89009.16,5421.17,3.828,5.695,40.14,54.165,19368.91,26136.44,国家统计局,2023-04-21,final
2023-01-01,2023,province,CN-GD,广东,CN-R-SC,华南,126712.21,6.567,88038.06,14392.89,10.052,5.112,36.92,57.968,46782.15,73452.53,国家统计局,2023-04-21,final
2023-01-01,2023,province,CN-GX,广西,CN-R-SC,华南,27358.27,6.869,92010.67,2973.38,2.17,12.316,41.822,45.862,11441.78,12547.05,国家统计局,2023-04-21,final
2023-01-01,2023,province,CN-HI,海南,CN-R-SC,华南,7804.4,7.724,91305.16,854.76,0.619,3.992,38.244,57.764,2984.71,4508.13,国家统计局,2023-04-21,final
2023-01-01,2023,province,CN-CQ,重庆,CN-R-SW,西南,28324.38,7.43,87144.16,3250.29,2.247,10.186,37.148,52.666,10521.94,14917.32,国家统计局,2023-04-21,final
2023-01-01,2023,province,CN-SC,四川,CN-R-SW,西南,64115.1,7.384,90481.37,7086.0,5.086,4.285,37.016,58.699,23732.85,37634.92,国家统计局,2023-04-21,final
2023-01-01,2023,province,CN-GZ,贵州,CN-R-SW,西南,23648.83,7.915,89144.66,2652.86,1.876,9.503,44.876,45.621,10612.65,10788.83,国家统计局,2023-04-21,final
2023-01-01,2023,province,CN-YN,云南,CN-R-SW,西南,25307.58,6.213,84095.66,3009.38,2.008,2.993,33.725,63.282,8534.98,16015.14,国家统计局,2023-04-21,final
2023-01-01,2023,province,CN-XZ,西藏,CN-R-SW,西南,2815.91,7.216,86306.13,326.27,0.223,9.703,31.352,58.945,882.84,1659.84,国家统计局,2023-04-21,final
2023-01-01,2023,province,CN-SN,陕西,CN-R-NW,西北,34893.16,6.65,91660.56,3806.78,2.768,4.572,35.222,60.206,12290.07,21007.78,国家统计局,2023-04-21,final
2023-01-01,2023,province,CN-GS,甘肃,CN-R-NW,西北,11241.15,7.527,94786.84,1185.94,0.892,5.883,34.701,59.416,3900.79,6679.04,国家统计局,2023-04-21,final
2023-01-01,2023,province,CN-QH,青海,CN-R-NW,西北,5025.99,6.471,90405.26,555.94,0.399,12.319,34.18,53.501,1717.88,2688.95,国家统计局,2023-04-21,final
2023-01-01,2023,province,CN-NX,宁夏,CN-R-NW,西北,7223.44,7.478,95955.58,752.79,0.573,11.598,35.621,52.781,2573.06,3812.6,国家统计局,2023-04-21,final
2023-01-01,2023,province,CN-XJ,新疆,CN-R-NW,西北,16644.93,6.171,90139.23,1846.58,1.32,12.472,44.037,43.491,7329.93,7239.05,国家统计局,2023-04-21,final
2023-01-01,2023,city,CN-GZ-GZ,广州,CN-GD,广东,24011.44,7.701,89561.84,2680.99,1.905,11.296,35.815,52.889,8599.7,12699.41,国家统计局,2023-04-21,final
2023-01-01,2023,city,CN-GD-SZ,深圳,CN-GD,广东,29485.72,6.28,91261.91,3230.89,2.339,6.098,34.983,58.919,10314.99,17372.69,国家统计局,2023-04-21,final
2023-01-01,2023,city,CN-ZJ-HZ,杭州,CN-ZJ,浙江,17894.76,6.72,87200.06,2052.15,1.42,12.214,32.775,55.011,5865.01,9844.09,国家统计局,2023-04-21,final
2023-01-01,2023,city,CN-JS-NJ,南京,CN-JS,江苏,19040.52,6.078,88396.92,2153.98,1.51,8.311,35.088,56.601,6680.94,10777.12,国家统计局,2023-04-21,final
2023-01-01,2023,city,CN-HB-WH,武汉,CN-HB,湖北,14039.74,6.908,91345.09,1537.0,1.114,3.399,31.945,64.656,4484.99,9077.53,国家统计局,2023-04-21,final
2023-01-01,2023,city,CN-SC-CD,成都,CN-SC,四川,15861.09,7.771,93205.13,1701.74,1.258,6.747,45.298,47.955,7184.76,7606.19,国家统计局,2023-04-21,final
2023-01-01,2023,city,CN-SN-XA,西安,CN-SN,陕西,8098.46,6.388,90444.15,895.41,0.642,6.532,33.078,60.39,2678.81,4890.66,国家统计局,2023-04-21,final
2023-01-01,2023,city,CN-JS-SZ,苏州,CN-JS,江苏,28371.12,6.156,94529.44,3001.3,2.251,12.071,39.644,48.285,11247.45,13699.0,国家统计局,2023-04-21,final
2023-01-01,2023,city,CN-SD-QD,青岛,CN-SD,山东,17399.48,7.353,87560.41,1987.14,1.38,5.078,44.112,50.81,7675.26,8840.68,国家统计局,2023-04-21,final
2023-01-01,2023,city,CN-ZJ-NB,宁波,CN-ZJ,浙江,11714.31,7.044,89587.71,1307.58,0.929,4.963,37.222,57.815,4360.3,6772.63,国家统计局,2023-04-21,final
2024-01-01,2024,national,CN,中国,,,1323000.0,7.295,93896.38,140900,100.0,12.116,37.716,50.168,498982.68,663722.64,国家统计局,2024-04-20,final
2024-01-01,2024,region,CN-R-NC,华北,CN,中国,152309.26,7.997,88592.28,17192.16,11.512,3.446,41.157,55.397,62685.92,84374.76,国家统计局,2024-04-20,final
2024-01-01,2024,region,CN-R-NE,东北,CN,中国,60597.02,6.508,94889.97,6386.03,4.58,4.409,29.877,65.714,18104.57,39820.73,国家统计局,2024-04-20,final
2024-01-01,2024,region,CN-R-EC,华东,CN,中国,525171.77,6.81,94014.75,55860.57,39.696,9.111,37.433,53.456,196587.55,280735.82,国家统计局,2024-04-20,final
2024-01-01,2024,region,CN-R-CC,华中,CN,中国,173798.58,7.413,96548.12,18001.24,13.137,8.06,44.264,47.676,76930.2,82860.21,国家统计局,2024-04-20,final
2024-01-01,2024,region,CN-R-SC,华南,CN,中国,180303.87,7.497,97357.83,18519.71,13.628,11.062,40.493,48.445,73010.45,87348.21,国家统计局,2024-04-20,final
2024-01-01,2024,region,CN-R-SW,西南,CN,中国,155663.02,7.669,92827.9,16768.99,11.766,7.114,43.579,49.307,67836.39,76752.77,国家统计局,2024-04-20,final
2024-01-01,2024,region,CN-R-NW,西北,CN,中国,75156.48,7.906,91976.27,8171.29,5.681,12.601,35.17,52.229,26432.53,39253.48,国家统计局,2024-04-20,final
2024-01-01,2024,province,CN-BJ,北京,CN-R-NC,华北,46609.03,8.024,89192.28,5225.68,3.523,12.277,34.767,52.956,16204.56,24682.28,国家统计局,2024-04-20,final
2024-01-01,2024,province,CN-TJ,天津,CN-R-NC,华北,17354.36,8.169,87165.35,1990.97,1.312,5.313,38.92,55.767,6754.32,9678.01,国家统计局,2024-04-20,final
2024-01-01,2024,province,CN-HE,河北,CN-R-NC,华北,44284.98,6.581,87351.41,5069.75,3.347,10.559,34.55,54.891,15300.46,24308.47,国家统计局,2024-04-20,final
2024-01-01,2024,province,CN-SX,山西,CN-R-NC,华北,26540.88,6.93,90565.28,2930.58,2.006,8.222,44.705,47.073,11865.1,12493.59,国家统计局,2024-04-20,final
2024-01-01,2024,province,CN-NM,内蒙古,CN-R-NC,华北,17520.01,8.288,88701.28,1975.17,1.324,6.127,36.456,57.417,6387.09,10059.46,国家统计局,2024-04-20,final
2024-01-01,2024,province,CN-LN,辽宁,CN-R-NE,东北,31835.26,7.145,95894.83,3319.81,2.406,4.565,37.29,58.145,11871.37,18510.61,国家统计局,2024-04-20,final
2024-01-01,2024,province,CN-JL,吉林,CN-R-NE,东北,12170.39,6.741,94186.4,1292.16,0.92,10.12,32.358,57.522,3938.09,7000.65,国家统计局,2024-04-20,final
2024-01-01,2024,province,CN-HL,黑龙江,CN-R-NE,东北,16591.38,6.345,93522.09,1774.06,1.254,5.075,39.068,55.857,6481.92,9267.45,国家统计局,2024-04-20,final
2024-01-01,2024,province,CN-SH,上海,CN-R-EC,华东,49984.67,6.944,97142.68,5145.49,3.778,8.631,41.851,49.518,20919.08,24751.41,国家统计局,2024-04-20,final
2024-01-01,2024,province,CN-JS,江苏,CN-R-EC,华东,135755.54,8.04,97469.16,13928.05,10.261,12.71,44.582,42.708,60522.53,57978.48,国家统计局,2024-04-20,final
2024-01-01,2024,province,CN-ZJ,浙江,CN-R-EC,华东,86445.84,7.261,90373.94,9565.35,6.534,5.285,34.263,60.452,29618.94,52258.24,国家统计局,2024-04-20,final
2024-01-01,2024,province,CN-AH,安徽,CN-R-EC,华东,50933.06,7.502,95296.92,5344.67,3.85,11.502,45.316,43.182,23080.83,21993.91,国家统计局,2024-04-20,final
2024-01-01,2024,province,CN-FJ,福建,CN-R-EC,华东,52733.5,7.112,93765.11,5624.0,3.986,7.063,36.139,56.798,19057.36,29951.57,国家统计局,2024-04-20,final
2024-01-01,2024,province,CN-JX,江西,CN-R-EC,华东,33736.91,7.628,93103.81,3623.58,2.55,3.62,34.441,61.939,11619.33,20896.3,国家统计局,2024-04-20,final
2024-01-01,2024,province,CN-SD,山东,CN-R-EC,华东,115582.24,6.607,91518.18,12629.43,8.736,7.45,30.058,62.492,34741.71,72229.65,国家统计局,2024-04-20,final
2024-01-01,2024,province,CN-HA,河南,CN-R-CC,华中,63566.54,7.381,94760.31,6708.14,4.805,3.073,43.115,53.812,27406.71,34206.43,国家统计局,2024-04-20,final
2024-01-01,2024,province,CN-HB,湖北,CN-R-CC,华中,59587.41,6.491,99704.19,5976.42,4.504,11.752,35.467,52.781,21133.87,31450.83,国家统计局,2024-04-20,final
2024-01-01,2024,province,CN-HN,湖南,CN-R-CC,华中,50644.63,8.227,95256.12,5316.68,3.828,3.562,30.001,66.437,15193.9,33646.77,国家统计局,2024-04-20,final
2024-01-01,2024,province,CN-GD,广东,CN-R-SC,华南,144831.2,6.906,98788.67,14660.71,10.947,10.429,33.237,56.334,48137.55,81589.21,国家统计局,2024-04-20,final
2024-01-01,2024,province,CN-GX,广西,CN-R-SC,华南,27319.11,7.992,91285.22,2992.72,2.065,8.791,43.795,47.414,11964.4,12953.08,国家统计局,2024-04-20,final
2024-01-01,2024,province,CN-HI,海南,CN-R-SC,华南,8153.56,7.719,94122.62,866.27,0.616,4.478,32.189,63.333,2624.55,5163.89,国家统计局,2024-04-20,final
2024-01-01,2024,province,CN-CQ,重庆,CN-R-SW,西南,31537.86,7.374,92735.23,3400.85,2.384,12.458,30.896,56.646,9743.94,17864.94,国家统计局,2024-04-20,final
2024-01-01,2024,province,CN-SC,四川,CN-R-SW,西南,66606.3,6.513,91732.34,7260.94,5.034,10.179,41.19,48.631,27435.13,32391.31,国家统计局,2024-04-20,final
2024-01-01,2024,province,CN-GZ,贵州,CN-R-SW,西南,25607.98,7.42,90911.28,2816.81,1.936,6.94,43.409,49.651,11116.17,12714.62,国家统计局,2024-04-20,final
2024-01-01,2024,province,CN-YN,云南,CN-R-SW,西南,28847.4,8.106,97641.83,2954.41,2.18,2.939,41.268,55.793,11904.75,16094.83,国家统计局,2024-04-20,final
2024-01-01,2024,province,CN-XZ,西藏,CN-R-SW,西南,3063.48,6.683,91180.43,335.98,0.232,4.826,32.963,62.211,1009.81,1905.82,国家统计局,2024-04-20,final
2024-01-01,2024,province,CN-SN,陕西,CN-R-NW,西北,36092.14,7.485,95212.34,3790.7,2.728,8.325,33.48,58.195,12083.65,21003.82,国家统计局,2024-04-20,final
2024-01-01,2024,province,CN-GS,甘肃,CN-R-NW,西北,11011.97,7.218,90539.61,1216.26,0.832,11.93,37.892,50.178,4172.66,5525.59,国家统计局,2024-04-20,final
2024-01-01,2024,province,CN-QH,青海,CN-R-NW,西北,5143.14,6.875,97117.34,529.58,0.389,7.098,29.649,63.253,1524.89,3253.19,国家统计局,2024-04-20,final
2024-01-01,2024,province,CN-NX,宁夏,CN-R-NW,西北,6669.41,6.326,86912.57,767.37,0.504,4.062,43.234,52.704,2883.45,3515.05,国家统计局,2024-04-20,final
2024-01-01,2024,province,CN-XJ,新疆,CN-R-NW,西北,16239.82,7.541,86965.8,1867.38,1.227,10.763,45.312,43.925,7358.59,7133.34,国家统计局,2024-04-20,final
2024-01-01,2024,city,CN-GZ-GZ,广州,CN-GD,广东,24525.61,8.298,90228.06,2718.18,1.854,11.46,31.64,56.9,7759.9,13955.07,国家统计局,2024-04-20,final
2024-01-01,2024,city,CN-GD-SZ,深圳,CN-GD,广东,31248.83,7.953,97056.61,3219.65,2.362,12.721,36.558,50.721,11423.95,15849.72,国家统计局,2024-04-20,final
2024-01-01,2024,city,CN-ZJ-HZ,杭州,CN-ZJ,浙江,18340.14,6.561,92044.95,1992.52,1.386,6.053,42.389,51.558,7774.2,9455.81,国家统计局,2024-04-20,final
2024-01-01,2024,city,CN-JS-NJ,南京,CN-JS,江苏,19313.03,6.747,93019.7,2076.23,1.46,9.697,40.366,49.937,7795.9,9644.35,国家统计局,2024-04-20,final
2024-01-01,2024,city,CN-HB-WH,武汉,CN-HB,湖北,14170.61,7.238,93367.75,1517.72,1.071,12.223,36.837,50.94,5220.03,7218.51,国家统计局,2024-04-20,final
2024-01-01,2024,city,CN-SC-CD,成都,CN-SC,四川,15612.79,7.111,91475.65,1706.77,1.18,3.061,30.866,66.073,4819.04,10315.84,国家统计局,2024-04-20,final
2024-01-01,2024,city,CN-SN-XA,西安,CN-SN,陕西,8501.66,6.867,94889.89,895.95,0.643,6.18,31.496,62.324,2677.68,5298.57,国家统计局,2024-04-20,final
2024-01-01,2024,city,CN-JS-SZ,苏州,CN-JS,江苏,29722.9,7.319,94576.39,3142.74,2.247,5.325,40.535,54.14,12048.18,16091.98,国家统计局,2024-04-20,final
2024-01-01,2024,city,CN-SD-QD,青岛,CN-SD,山东,19474.21,7.565,94941.5,2051.18,1.472,12.078,44.033,43.889,8575.08,8547.04,国家统计局,2024-04-20,final
2024-01-01,2024,city,CN-ZJ-NB,宁波,CN-ZJ,浙江,12496.04,8.22,94052.78,1328.62,0.945,12.7,38.988,48.312,4871.96,6037.09,国家统计局,2024-04-20,final
2025-01-01,2025,national,CN,中国,,,1388000.0,7.318,98579.55,140800,100.0,10.397,45.415,44.188,630360.2,613329.44,国家统计局,2025-04-21,preliminary
2025-01-01,2025,region,CN-R-NC,华北,CN,中国,166904.49,6.671,100098.05,16674.1,12.025,12.595,33.736,53.669,56306.9,89575.97,国家统计局,2025-04-21,preliminary
2025-01-01,2025,region,CN-R-NE,东北,CN,中国,66408.7,8.37,99477.06,6675.78,4.784,5.762,45.363,48.875,30124.98,32457.25,国家统计局,2025-04-21,preliminary
2025-01-01,2025,region,CN-R-EC,华东,CN,中国,537955.06,7.668,97365.65,55251.01,38.758,8.687,44.691,46.622,240417.5,250805.41,国家统计局,2025-04-21,preliminary
2025-01-01,2025,region,CN-R-CC,华中,CN,中国,188897.77,7.308,100627.25,18772.03,13.609,9.839,35.686,54.475,67410.06,102902.06,国家统计局,2025-04-21,preliminary
2025-01-01,2025,region,CN-R-SC,华南,CN,中国,181653.73,7.752,97076.71,18712.39,13.087,7.878,45.418,46.704,82503.49,84839.56,国家统计局,2025-04-21,preliminary
2025-01-01,2025,region,CN-R-SW,西南,CN,中国,164680.94,8.395,100846.51,16329.86,11.865,11.619,32.315,56.066,53216.65,92330.02,国家统计局,2025-04-21,preliminary
2025-01-01,2025,region,CN-R-NW,西北,CN,中国,81499.31,7.228,97198.52,8384.83,5.872,11.328,31.059,57.613,25312.87,46954.2,国家统计局,2025-04-21,preliminary
2025-01-01,2025,province,CN-BJ,北京,CN-R-NC,华北,50350.07,8.189,99005.76,5085.57,3.628,8.29,40.869,50.841,20577.57,25598.48,国家统计局,2025-04-21,preliminary
2025-01-01,2025,province,CN-TJ,天津,CN-R-NC,华北,19792.87,7.844,100550.53,1968.45,1.426,5.901,40.332,53.767,7982.86,10642.03,国家统计局,2025-04-21,preliminary
2025-01-01,2025,province,CN-HE,河北,CN-R-NC,华北,48557.36,7.859,98521.81,4928.59,3.498,9.608,38.773,51.619,18827.15,25064.82,国家统计局,2025-04-21,preliminary
2025-01-01,2025,province,CN-SX,山西,CN-R-NC,华北,28297.61,7.366,102918.74,2749.51,2.039,9.504,43.871,46.625,12414.44,13193.76,国家统计局,2025-04-21,preliminary
2025-01-01,2025,province,CN-NM,内蒙古,CN-R-NC,华北,19906.58,8.578,102506.09,1941.99,1.434,10.9,30.688,58.412,6108.93,11627.83,国家统计局,2025-04-21,preliminary
2025-01-01,2025,province,CN-LN,辽宁,CN-R-NE,东北,34738.34,8.177,100764.73,3447.47,2.503,10.487,37.004,52.509,12854.58,18240.75,国家统计局,2025-04-21,preliminary
2025-01-01,2025,province,CN-JL,吉林,CN-R-NE,东北,13166.41,7.251,98165.22,1341.25,0.949,11.59,45.299,43.111,5964.25,5676.17,国家统计局,2025-04-21,preliminary
2025-01-01,2025,province,CN-HL,黑龙江,CN-R-NE,东北,18503.96,8.057,98057.08,1887.06,1.333,4.152,36.261,59.587,6709.72,11025.95,国家统计局,2025-04-21,preliminary
2025-01-01,2025,province,CN-SH,上海,CN-R-EC,华东,49803.85,8.063,98921.97,5034.66,3.588,9.093,39.012,51.895,19429.48,25845.71,国家统计局,2025-04-21,preliminary
2025-01-01,2025,province,CN-JS,江苏,CN-R-EC,华东,135234.43,7.313,99055.72,13652.36,9.743,7.2,29.745,63.055,40225.48,85272.07,国家统计局,2025-04-21,preliminary
2025-01-01,2025,province,CN-ZJ,浙江,CN-R-EC,华东,89146.66,8.566,91989.22,9690.99,6.423,3.286,35.27,61.444,31442.03,54775.27,国家统计局,2025-04-21,preliminary
2025-01-01,2025,province,CN-AH,安徽,CN-R-EC,华东,51354.56,7.132,97393.2,5272.91,3.7,9.86,41.994,48.146,21565.83,24725.17,国家统计局,2025-04-21,preliminary
2025-01-01,2025,province,CN-FJ,福建,CN-R-EC,华东,53273.62,8.213,96061.37,5545.79,3.838,12.457,35.649,51.894,18991.51,27645.81,国家统计局,2025-04-21,preliminary
2025-01-01,2025,province,CN-JX,江西,CN-R-EC,华东,33530.41,8.523,98168.43,3415.6,2.416,9.706,30.574,59.72,10251.59,20024.36,国家统计局,2025-04-21,preliminary
2025-01-01,2025,province,CN-SD,山东,CN-R-EC,华东,125611.53,6.695,99386.51,12638.69,9.05,5.39,30.458,64.152,38258.76,80582.31,国家统计局,2025-04-21,preliminary
2025-01-01,2025,province,CN-HA,河南,CN-R-CC,华中,68416.02,7.938,100430.58,6812.27,4.929,11.561,29.943,58.496,20485.81,40020.64,国家统计局,2025-04-21,preliminary
2025-01-01,2025,province,CN-HB,湖北,CN-R-CC,华中,65210.12,8.427,102598.26,6355.87,4.698,10.782,37.639,51.579,24544.44,33634.73,国家统计局,2025-04-21,preliminary
2025-01-01,2025,province,CN-HN,湖南,CN-R-CC,华中,55271.63,8.114,98631.0,5603.88,3.982,3.158,31.908,64.934,17636.07,35890.08,国家统计局,2025-04-21,preliminary
2025-01-01,2025,province,CN-GD,广东,CN-R-SC,华南,145017.31,8.197,97218.68,14916.61,10.448,8.812,34.805,56.383,50473.27,81765.11,国家统计局,2025-04-21,preliminary
2025-01-01,2025,province,CN-GX,广西,CN-R-SC,华南,28127.3,7.396,95726.77,2938.29,2.026,6.222,32.113,61.665,9032.52,17344.7,国家统计局,2025-04-21,preliminary
2025-01-01,2025,province,CN-HI,海南,CN-R-SC,华南,8509.13,8.267,99234.15,857.48,0.613,10.389,43.396,46.215,3692.62,3932.49,国家统计局,2025-04-21,preliminary
2025-01-01,2025,province,CN-CQ,重庆,CN-R-SW,西南,33567.34,7.597,101388.62,3310.76,2.418,6.561,30.866,62.573,10360.9,21004.09,国家统计局,2025-04-21,preliminary
2025-01-01,2025,province,CN-SC,四川,CN-R-SW,西南,72126.84,7.929,102441.11,7040.81,5.196,4.247,35.345,60.408,25493.23,43570.38,国家统计局,2025-04-21,preliminary
2025-01-01,2025,province,CN-GZ,贵州,CN-R-SW,西南,26741.65,8.368,99709.73,2681.95,1.927,5.204,37.037,57.759,9904.3,15445.71,国家统计局,2025-04-21,preliminary
2025-01-01,2025,province,CN-YN,云南,CN-R-SW,西南,29016.5,7.422,97865.72,2964.93,2.091,4.775,31.39,63.835,9108.28,18522.68,国家统计局,2025-04-21,preliminary
2025-01-01,2025,province,CN-XZ,西藏,CN-R-SW,西南,3228.62,6.956,97420.72,331.41,0.233,11.008,40.924,48.068,1321.28,1551.93,国家统计局,2025-04-21,preliminary
2025-01-01,2025,province,CN-SN,陕西,CN-R-NW,西北,38562.03,8.376,98480.55,3915.7,2.778,10.337,34.201,55.462,13188.6,21387.27,国家统计局,2025-04-21,preliminary
2025-01-01,2025,province,CN-GS,甘肃,CN-R-NW,西北,11434.45,7.444,91550.31,1248.98,0.824,5.646,31.755,62.599,3631.01,7157.85,国家统计局,2025-04-21,preliminary
2025-01-01,2025,province,CN-QH,青海,CN-R-NW,西北,5412.72,7.063,97440.46,555.49,0.39,10.217,35.395,54.388,1915.83,2943.87,国家统计局,2025-04-21,preliminary
2025-01-01,2025,province,CN-NX,宁夏,CN-R-NW,西北,7408.65,8.526,97628.68,758.86,0.534,10.462,34.195,55.343,2533.39,4100.17,国家统计局,2025-04-21,preliminary
2025-01-01,2025,province,CN-XJ,新疆,CN-R-NW,西北,18681.47,7.043,98024.29,1905.8,1.346,4.339,40.655,55.006,7594.95,10275.93,国家统计局,2025-04-21,preliminary
2025-01-01,2025,city,CN-GZ-GZ,广州,CN-GD,广东,25844.31,7.039,94556.62,2733.21,1.862,3.735,39.336,56.929,10166.12,14712.91,国家统计局,2025-04-21,preliminary
2025-01-01,2025,city,CN-GD-SZ,深圳,CN-GD,广东,31330.35,8.002,96190.94,3257.1,2.257,9.238,34.642,56.12,10853.46,17582.59,国家统计局,2025-04-21,preliminary
2025-01-01,2025,city,CN-ZJ-HZ,杭州,CN-ZJ,浙江,19272.44,8.535,96471.7,1997.73,1.389,10.806,30.32,58.874,5843.4,11346.46,国家统计局,2025-04-21,preliminary
2025-01-01,2025,city,CN-JS-NJ,南京,CN-JS,江苏,21001.22,8.104,100602.24,2087.55,1.513,11.654,33.889,54.457,7117.1,11436.63,国家统计局,2025-04-21,preliminary
2025-01-01,2025,city,CN-HB-WH,武汉,CN-HB,湖北,15292.86,6.751,100531.55,1521.2,1.102,7.524,31.075,61.401,4752.26,9389.97,国家统计局,2025-04-21,preliminary
2025-01-01,2025,city,CN-SC-CD,成都,CN-SC,四川,16921.08,8.351,99070.72,1707.98,1.219,6.158,34.624,59.218,5858.75,10020.33,国家统计局,2025-04-21,preliminary
2025-01-01,2025,city,CN-SN-XA,西安,CN-SN,陕西,9174.92,7.772,98824.01,928.41,0.661,7.635,44.903,47.462,4119.81,4354.6,国家统计局,2025-04-21,preliminary
2025-01-01,2025,city,CN-JS-SZ,苏州,CN-JS,江苏,30214.38,7.886,99193.63,3046.0,2.177,4.919,40.851,54.23,12342.88,16385.26,国家统计局,2025-04-21,preliminary
2025-01-01,2025,city,CN-SD-QD,青岛,CN-SD,山东,19661.96,8.357,95417.69,2060.62,1.417,4.5,44.491,51.009,8747.8,10029.37,国家统计局,2025-04-21,preliminary
2025-01-01,2025,city,CN-ZJ-NB,宁波,CN-ZJ,浙江,13643.29,6.801,101012.77,1350.65,0.983,5.632,36.849,57.519,5027.42,7847.48,国家统计局,2025-04-21,preliminary
